ticker,company_name,ceo_name,ceo_role,appointment_date,resignation_date,open_at_appointment,close_at_resignation,photo_path,photo_exists
1301,極洋,極洋,current,,,,,photos/1301_極洋/current/photo_01.jpg,False
1332,ニッスイ,"氏名
地位",current,,,,,photos/1332_ニッスイ/current/photo_01.jpg,False
1332,ニッスイ,"氏名
地位",current,,,,,photos/1332_ニッスイ/current/photo_02.jpg,False
1332,ニッスイ,"氏名
地位",current,,,,,photos/1332_ニッスイ/current/photo_03.jpg,False
1332,ニッスイ,"氏名
地位",current,,,,,photos/1332_ニッスイ/current/photo_04.jpg,False
1332,ニッスイ,"氏名
地位",current,,,,,photos/1332_ニッスイ/current/photo_05.jpg,False
1375,ユキグニファクトリー,体制,current,,,,,photos/1375_ユキグニファクトリー/current/photo_01.jpg,False
1377,サカタのタネ,会長 坂田,current,2025年8月,,3326.57,,photos/1377_サカタのタネ/current/photo_01.jpg,False
1379,ホクト,食品包装,current,,,,,photos/1379_ホクト/current/photo_01.jpg,False
1379,ホクト,食品包装,current,,,,,photos/1379_ホクト/current/photo_02.jpg,False
1417,ミライト・ワン,日本語,current,2025年12月,,3160.0,,photos/1417_ミライト・ワン/current/photo_01.jpg,False
1417,ミライト・ワン,日本語,current,2025年12月,,3160.0,,photos/1417_ミライト・ワン/current/photo_02.jpg,False
1417,ミライト・ワン,日本語,current,2025年12月,,3160.0,,photos/1417_ミライト・ワン/current/photo_03.jpg,False
1417,ミライト・ワン,日本語,current,2025年12月,,3160.0,,photos/1417_ミライト・ワン/current/photo_04.jpg,False
1417,ミライト・ワン,日本語,current,2025年12月,,3160.0,,photos/1417_ミライト・ワン/current/photo_05.jpg,False
1414,ショーボンドホールディングス,,current,2025年6月,,1145.92,,photos/1414_ショーボンドホールディングス/current/photo_01.jpg,False
1429,日本アクア,中村文隆,current,2004年11月,,,,photos/1429_日本アクア/current/photo_01.jpg,False
1446,キャンディル,林 晃生,current,,,,,photos/1446_キャンディル/current/photo_01.jpg,False
1514,住石ホールディングス,"役会
取締",current,,,,,photos/1514_住石ホールディングス/current/photo_01.jpg,False
1605,INPEX,上田,current,,,,,photos/1605_INPEX/current/photo_01.jpg,False
1518,三井松島ホールディングス,社会,current,,,,,photos/1518_三井松島ホールディングス/current/photo_01.jpg,False
1447,SAAFホールディングス,奈田 直幸,current,,,,,photos/1447_SAAFホールディングス/current/photo_01.jpg,False
1711,SDSホールディングス,渡辺 悠介,current,2020年10月,,357.0,,photos/1711_SDSホールディングス/current/photo_01.jpg,False
1663,K&Oエナジーグループ,未来,current,,,,,photos/1663_K_Oエナジーグループ/current/photo_01.jpg,False
1720,東急建設,寺田　光宏,current,,,,,photos/1720_東急建設/current/photo_01.jpg,False
1721,コムシスホールディングス,田辺　博,current,,,,,photos/1721_コムシスホールディングス/current/photo_01.jpg,False
1762,高松コンストラクショングループ,髙松 浩孝,current,,,,,photos/1762_高松コンストラクショングループ/current/photo_01.jpg,False
1764,工藤建設,会長　工藤,current,,,,,photos/1764_工藤建設/current/photo_01.jpg,False
1768,ソネック,山本　貴弘,current,,,,,photos/1768_ソネック/current/photo_01.jpg,False
1723,日本電技,"体制
当社",current,,,,,photos/1723_日本電技/current/photo_01.jpg,False
1780,ヤマウラ,山浦 正貴,current,2025年6月,,1217.07,,photos/1780_ヤマウラ/current/photo_01.jpg,False
1780,ヤマウラ,山浦 正貴,current,2025年6月,,1217.07,,photos/1780_ヤマウラ/current/photo_02.jpg,False
1780,ヤマウラ,山浦 正貴,current,2025年6月,,1217.07,,photos/1780_ヤマウラ/current/photo_03.jpg,False
1780,ヤマウラ,山浦 正貴,current,2025年6月,,1217.07,,photos/1780_ヤマウラ/current/photo_04.jpg,False
1780,ヤマウラ,山浦 正貴,current,2025年6月,,1217.07,,photos/1780_ヤマウラ/current/photo_05.jpg,False
1776,三井住建道路,"役会
取締",current,,,,,photos/1776_三井住建道路/current/photo_01.jpg,False
1783,fantasista,,current,,,,,photos/1783_fantasista/current/photo_01.jpg,False
1793,大本組,三宅 啓一,current,,,,,photos/1793_大本組/current/photo_01.jpg,False
1788,三東工業社,杉本　修啓,current,2024年7月,,3683.92,,photos/1788_三東工業社/current/photo_01.jpg,False
1770,藤田エンジニアリング,,current,2025年3月,,1450.94,,photos/1770_藤田エンジニアリング/current/photo_01.jpg,False
1770,藤田エンジニアリング,,current,2025年3月,,1450.94,,photos/1770_藤田エンジニアリング/current/photo_02.jpg,False
1770,藤田エンジニアリング,,current,2025年3月,,1450.94,,photos/1770_藤田エンジニアリング/current/photo_03.jpg,False
1770,藤田エンジニアリング,,current,2025年3月,,1450.94,,photos/1770_藤田エンジニアリング/current/photo_04.jpg,False
1770,藤田エンジニアリング,,current,2025年3月,,1450.94,,photos/1770_藤田エンジニアリング/current/photo_05.jpg,False
1799,第一建設工業,,current,2025年10月,,3150.0,,photos/1799_第一建設工業/current/photo_01.jpg,False
1799,第一建設工業,,current,2025年10月,,3150.0,,photos/1799_第一建設工業/current/photo_02.jpg,False
1802,大林組,佐藤 俊美,current,2011年1月,,248.14,,photos/1802_大林組/current/photo_01.jpg,False
1803,清水建設,原点回帰,current,2025年9月,,1895.07,,photos/1803_清水建設/current/photo_01.jpg,False
1808,長谷工コーポレーション,熊野 聡,current,2025年4月,,1908.41,,photos/1808_長谷工コーポレーション/current/photo_01.jpg,False
1808,長谷工コーポレーション,熊野 聡,current,2025年4月,,1908.41,,photos/1808_長谷工コーポレーション/current/photo_02.jpg,False
1801,大成建設,月 相川善,current,2025年3月,,6708.59,,photos/1801_大成建設/current/photo_01.jpg,False
1811,錢高組,社会,current,,,,,photos/1811_錢高組/current/photo_01.jpg,False
1787,ナカボーテック,宮地 誠,current,2025年6月,,5050.0,,photos/1787_ナカボーテック/current/photo_01.jpg,False
1787,ナカボーテック,宮地 誠,current,2025年6月,,5050.0,,photos/1787_ナカボーテック/current/photo_02.jpg,False
1813,不動テトラ,"社名

株",current,2025年3月,,2133.39,,photos/1813_不動テトラ/current/photo_01.jpg,False
1813,不動テトラ,"社名

株",current,2025年3月,,2133.39,,photos/1813_不動テトラ/current/photo_02.jpg,False
1813,不動テトラ,"社名

株",current,2025年3月,,2133.39,,photos/1813_不動テトラ/current/photo_03.jpg,False
1813,不動テトラ,"社名

株",current,2025年3月,,2133.39,,photos/1813_不動テトラ/current/photo_04.jpg,False
1813,不動テトラ,"社名

株",current,2025年3月,,2133.39,,photos/1813_不動テトラ/current/photo_05.jpg,False
1820,西松建設,"区分
業績連",current,2024年6月,,4257.69,,photos/1820_西松建設/current/photo_01.jpg,False
1827,ナカノフドー建設,,current,,,,,photos/1827_ナカノフドー建設/current/photo_01.jpg,False
1814,大末建設,当社,current,,,,,photos/1814_大末建設/current/photo_01.jpg,False
1814,大末建設,当社,current,,,,,photos/1814_大末建設/current/photo_02.jpg,False
1850,南海辰村建設,"貢献
当社",current,,,,,photos/1850_南海辰村建設/current/photo_01.jpg,False
1853,森組,平素,current,2024年6月,,304.22,,photos/1853_森組/current/photo_01.jpg,False
1853,森組,平素,current,2024年6月,,304.22,,photos/1853_森組/current/photo_02.jpg,False
1848,富士ピー・エス,減災　国土強,current,2021年５月,,529.6,,photos/1848_富士ピー・エス/current/photo_01.jpg,False
1861,熊谷組,株主,current,,,,,photos/1861_熊谷組/current/photo_01.jpg,False
1860,戸田建設,,current,2025年6月,,900.53,,photos/1860_戸田建設/current/photo_01.jpg,False
1860,戸田建設,,current,2025年6月,,900.53,,photos/1860_戸田建設/current/photo_02.jpg,False
1860,戸田建設,,current,2025年6月,,900.53,,photos/1860_戸田建設/current/photo_03.jpg,False
1860,戸田建設,,current,2025年6月,,900.53,,photos/1860_戸田建設/current/photo_04.jpg,False
1860,戸田建設,,current,2025年6月,,900.53,,photos/1860_戸田建設/current/photo_05.jpg,False
1867,植木組,下部 久夫,current,,,,,photos/1867_植木組/current/photo_01.jpg,False
1882,東亜道路工業,企業,current,,,,,photos/1882_東亜道路工業/current/photo_01.jpg,False
1882,東亜道路工業,企業,current,,,,,photos/1882_東亜道路工業/current/photo_02.jpg,False
1882,東亜道路工業,企業,current,,,,,photos/1882_東亜道路工業/current/photo_03.jpg,False
1878,大東建託,竹内,current,,,,,photos/1878_大東建託/current/photo_01.jpg,False
1887,日本国土開発,,current,,,,,photos/1887_日本国土開発/current/photo_01.jpg,False
1904,大成温調,当社 執行役,current,2003年4月,,237.45,,photos/1904_大成温調/current/photo_01.jpg,False
1899,福田組,"締役
執行役",current,2003年3月,,1052.62,,photos/1899_福田組/current/photo_01.jpg,False
1909,日本ドライケミカル,,current,2025年4月,,4043.85,,photos/1909_日本ドライケミカル/current/photo_01.jpg,False
1909,日本ドライケミカル,,current,2025年4月,,4043.85,,photos/1909_日本ドライケミカル/current/photo_02.jpg,False
1909,日本ドライケミカル,,current,2025年4月,,4043.85,,photos/1909_日本ドライケミカル/current/photo_03.jpg,False
1909,日本ドライケミカル,,current,2025年4月,,4043.85,,photos/1909_日本ドライケミカル/current/photo_04.jpg,False
1909,日本ドライケミカル,,current,2025年4月,,4043.85,,photos/1909_日本ドライケミカル/current/photo_05.jpg,False
1911,住友林業,住友林業,current,,,,,photos/1911_住友林業/current/photo_01.jpg,False
1911,住友林業,住友林業,current,,,,,photos/1911_住友林業/current/photo_02.jpg,False
1911,住友林業,住友林業,current,,,,,photos/1911_住友林業/current/photo_03.jpg,False
1914,日本基礎技術,,current,令和4年11月,,382.92,,photos/1914_日本基礎技術/current/photo_01.jpg,False
1914,日本基礎技術,,current,令和4年11月,,382.92,,photos/1914_日本基礎技術/current/photo_02.jpg,False
1914,日本基礎技術,,current,令和4年11月,,382.92,,photos/1914_日本基礎技術/current/photo_03.jpg,False
1914,日本基礎技術,,current,令和4年11月,,382.92,,photos/1914_日本基礎技術/current/photo_04.jpg,False
1926,ライト工業,"一覧
組織図",current,,,,,photos/1926_ライト工業/current/photo_01.jpg,False
1926,ライト工業,"一覧
組織図",current,,,,,photos/1926_ライト工業/current/photo_02.jpg,False
1926,ライト工業,"一覧
組織図",current,,,,,photos/1926_ライト工業/current/photo_03.jpg,False
1926,ライト工業,"一覧
組織図",current,,,,,photos/1926_ライト工業/current/photo_04.jpg,False
1926,ライト工業,"一覧
組織図",current,,,,,photos/1926_ライト工業/current/photo_05.jpg,False
1921,巴コーポレーション,,current,,,,,photos/1921_巴コーポレーション/current/photo_01.jpg,False
1921,巴コーポレーション,,current,,,,,photos/1921_巴コーポレーション/current/photo_02.jpg,False
1898,世紀東急工業,"理念

豊",current,2025年3月,,1471.89,,photos/1898_世紀東急工業/current/photo_01.jpg,False
1898,世紀東急工業,"理念

豊",current,2025年3月,,1471.89,,photos/1898_世紀東急工業/current/photo_02.jpg,False
1898,世紀東急工業,"理念

豊",current,2025年3月,,1471.89,,photos/1898_世紀東急工業/current/photo_03.jpg,False
1938,日本リーテック,,current,2025年6月,,1654.0,,photos/1938_日本リーテック/current/photo_01.jpg,False
1929,日特建設,"方針
私",current,,,,,photos/1929_日特建設/current/photo_01.jpg,False
1952,新日本空調,持続可能,current,2025年3月,,1611.59,,photos/1952_新日本空調/current/photo_01.jpg,False
1950,日本電設工業,安田 一成,current,,,,,photos/1950_日本電設工業/current/photo_01.jpg,False
1950,日本電設工業,安田 一成,current,,,,,photos/1950_日本電設工業/current/photo_02.jpg,False
1951,エクシオグループ,,current,,,,,photos/1951_エクシオグループ/current/photo_01.jpg,False
1961,三機工業,石田 博一,current,,,,,photos/1961_三機工業/current/photo_01.jpg,False
1963,日揮ホールディングス,佐藤 雅之,current,,,,,photos/1963_日揮ホールディングス/current/photo_01.jpg,False
1968,太平電業,,current,,,,,photos/1968_太平電業/current/photo_01.jpg,False
1966,高田工業所,髙田 寿一郎,current,,,,,photos/1966_高田工業所/current/photo_01.jpg,False
1965,テクノ菱和,"会長
黒田",current,2003年10月,,207.74,,photos/1965_テクノ菱和/current/photo_01.jpg,False
1969,高砂熱学工業,環境革新,current,2023年11月,,1330.92,,photos/1969_高砂熱学工業/current/photo_01.jpg,False
1972,三晃金属工業,青木　栄一,current,,,,,photos/1972_三晃金属工業/current/photo_01.jpg,False
1979,大氣社,,current,,,,,photos/1979_大氣社/current/photo_01.jpg,False
1976,明星工業,栁瀬 徹次,current,2008年4月,,141.61,,photos/1976_明星工業/current/photo_01.jpg,False
1975,朝日工業社,平素,current,,,,,photos/1975_朝日工業社/current/photo_01.jpg,False
1982,日比谷総合設備,中北　英孝,current,2025年6月,,3283.79,,photos/1982_日比谷総合設備/current/photo_01.jpg,False
1994,高橋カーテンウォール工業,高橋 武治,current,,,,,photos/1994_高橋カーテンウォール工業/current/photo_01.jpg,False
2060,フィード・ワン,日本配合,current,2014年10月,,412.16,,photos/2060_フィード・ワン/current/photo_01.jpg,False
2053,中部飼料,藤田 京一,current,,,,,photos/2053_中部飼料/current/photo_01.jpg,False
2108,日本甜菜製糖,"月
日本甜",current,2025年7月,,2321.0,,photos/2108_日本甜菜製糖/current/photo_01.jpg,False
2108,日本甜菜製糖,"月
日本甜",current,2025年7月,,2321.0,,photos/2108_日本甜菜製糖/current/photo_02.jpg,False
2108,日本甜菜製糖,"月
日本甜",current,2025年7月,,2321.0,,photos/2108_日本甜菜製糖/current/photo_03.jpg,False
2004,昭和産業,"日
昭和産",current,2026年２月,,3185.0,,photos/2004_昭和産業/current/photo_01.jpg,False
2120,LIFULL,"理念

社名",current,2025年12月,,165.0,,photos/2120_LIFULL/current/photo_01.jpg,False
2121,MIXI,木村 弘毅,current,,,,,photos/2121_MIXI/current/photo_01.jpg,False
2138,クルーズ,小渕 宏二,current,,,,,photos/2138_クルーズ/current/photo_01.jpg,False
2146,UTグループ,外村　学,current,,,,,photos/2146_UTグループ/current/photo_01.jpg,False
2153,E・Jホールディングス,小谷 裕司,current,2007年6月,,479.56,,photos/2153_E・Jホールディングス/current/photo_01.jpg,False
2154,オープンアップグループ,西田 穣,current,,,,,photos/2154_オープンアップグループ/current/photo_01.jpg,False
2160,ジーエヌアイグループ,上海,current,,,,,photos/2160_ジーエヌアイグループ/current/photo_01.jpg,False
2130,メンバーズ,締役 兼,current,,,,,photos/2130_メンバーズ/current/photo_01.jpg,False
2158,FRONTEO,守本 正宏,current,2020年2月,,314.0,,photos/2158_FRONTEO/current/photo_01.jpg,False
2170,リンクアンドモチベーション,"会長
小笹",current,,,,,photos/2170_リンクアンドモチベーション/current/photo_01.jpg,False
2185,シイエム・シイ,幸恭,current,,,,,photos/2185_シイエム・シイ/current/photo_01.jpg,False
2175,エス・エム・エス,髙畑 正樹,current,,,,,photos/2175_エス・エム・エス/current/photo_01.jpg,False
2163,アルトナー,関口 相三,current,,,,,photos/2163_アルトナー/current/photo_01.jpg,False
2163,アルトナー,関口 相三,current,,,,,photos/2163_アルトナー/current/photo_02.jpg,False
2163,アルトナー,関口 相三,current,,,,,photos/2163_アルトナー/current/photo_03.jpg,False
2196,エスクリ,"提供
業界団",current,,,,,photos/2196_エスクリ/current/photo_01.jpg,False
2195,アミタホールディングス,会長 兼,current,2025年3月,,347.0,,photos/2195_アミタホールディングス/current/photo_01.jpg,False
2201,森永製菓,推進体制,current,2021年4月,,1848.21,,photos/2201_森永製菓/current/photo_01.jpg,False
2208,ブルボン,会長　吉田康,current,2024年11月,,2307.66,,photos/2208_ブルボン/current/photo_01.jpg,False
2208,ブルボン,会長　吉田康,current,2024年11月,,2307.66,,photos/2208_ブルボン/current/photo_02.jpg,False
2211,不二家,推進体制,current,2024年3月,,2450.33,,photos/2211_不二家/current/photo_01.jpg,False
2212,山崎製パン,"体制
当社",current,,,,,photos/2212_山崎製パン/current/photo_01.jpg,False
2215,第一屋製パン,"社名
第一屋",current,2024年12月,,576.0,,photos/2215_第一屋製パン/current/photo_01.jpg,False
2215,第一屋製パン,"社名
第一屋",current,2024年12月,,576.0,,photos/2215_第一屋製パン/current/photo_02.jpg,False
2222,寿スピリッツ,河越　誠剛,current,,,,,photos/2222_寿スピリッツ/current/photo_01.jpg,False
2264,森永乳業,変化,current,2025年5月,,3436.55,,photos/2264_森永乳業/current/photo_01.jpg,False
2264,森永乳業,変化,current,2025年5月,,3436.55,,photos/2264_森永乳業/current/photo_02.jpg,False
2269,明治ホールディングス,松田 克也,current,,,,,photos/2269_明治ホールディングス/current/photo_01.jpg,False
2270,雪印メグミルク,佐藤　雅俊,current,2025年５月,,2648.0,,photos/2270_雪印メグミルク/current/photo_01.jpg,False
2288,丸大食品,佐藤 勇二,current,,,,,photos/2288_丸大食品/current/photo_01.jpg,False
2291,福留ハム,食品,current,,,,,photos/2291_福留ハム/current/photo_01.jpg,False
2293,滝沢ハム,滝沢,current,,,,,photos/2293_滝沢ハム/current/photo_01.jpg,False
2311,エプコ,一木 裕佳,current,2022年8月,,593.81,,photos/2311_エプコ/current/photo_01.jpg,False
2327,日鉄ソリューションズ,"体制
当社",current,,,,,photos/2327_日鉄ソリューションズ/current/photo_01.jpg,False
2329,東北新社,小坂 恵一,current,2001年11月,,,,photos/2329_東北新社/current/photo_01.jpg,False
2330,フォーサイド,締役　大島正,current,2024年2月,,75.0,,photos/2330_フォーサイド/current/photo_01.jpg,False
2330,フォーサイド,締役　大島正,current,2024年2月,,75.0,,photos/2330_フォーサイド/current/photo_02.jpg,False
2323,fonfun,水口　翼,current,2004年05月,,500.4,,photos/2323_fonfun/current/photo_01.jpg,False
2334,イオレ,瀧野 諭吾,current,2025年6月,,108.3,,photos/2334_イオレ/current/photo_01.jpg,False
2337,いちご,年当社,current,2019年3月,,326.53,,photos/2337_いちご/current/photo_01.jpg,False
2335,キューブシステム,"金融
流通",current,2025年3月,,983.21,,photos/2335_キューブシステム/current/photo_01.jpg,False
2335,キューブシステム,"金融
流通",current,2025年3月,,983.21,,photos/2335_キューブシステム/current/photo_02.jpg,False
2335,キューブシステム,"金融
流通",current,2025年3月,,983.21,,photos/2335_キューブシステム/current/photo_03.jpg,False
2335,キューブシステム,"金融
流通",current,2025年3月,,983.21,,photos/2335_キューブシステム/current/photo_04.jpg,False
2341,アルバイトタイムス,,current,2004年1月,,421.32,,photos/2341_アルバイトタイムス/current/photo_01.jpg,False
2342,トランスジェニックグループ,"理念
企業概",current,,,,,photos/2342_トランスジェニックグループ/current/photo_01.jpg,False
2349,エヌアイデイ,,current,,,,,photos/2349_エヌアイデイ/current/photo_01.jpg,False
2373,ケア21,依田 雅,current,2023年５月,,631.02,,photos/2373_ケア21/current/photo_01.jpg,False
2376,サイネックス,村田 吉優,current,令和2年11月,,773.82,,photos/2376_サイネックス/current/photo_01.jpg,False
2378,ルネサンス,望月　美佐緒,current,,,,,photos/2378_ルネサンス/current/photo_01.jpg,False
2384,SBSホールディングス,"役職
氏名",current,,,,,photos/2384_SBSホールディングス/current/photo_01.jpg,False
2384,SBSホールディングス,"役職
氏名",current,,,,,photos/2384_SBSホールディングス/current/photo_02.jpg,False
2384,SBSホールディングス,"役職
氏名",current,,,,,photos/2384_SBSホールディングス/current/photo_03.jpg,False
2391,プラネット,"氏名
坂田",current,,,,,photos/2391_プラネット/current/photo_01.jpg,False
2410,キャリアデザインセンター,"会長
多田",current,,,,,photos/2410_キャリアデザインセンター/current/photo_01.jpg,False
2418,ツカダ・グローバルホールディング,塚田 正由記,current,,,,,photos/2418_ツカダ・グローバルホールディング/current/photo_01.jpg,False
2425,ケアサービス,会長　福原,current,,,,,photos/2425_ケアサービス/current/photo_01.jpg,False
2433,博報堂DYホールディングス,企業,current,,,,,photos/2433_博報堂DYホールディングス/current/photo_01.jpg,False
2433,博報堂DYホールディングス,企業,current,,,,,photos/2433_博報堂DYホールディングス/current/photo_02.jpg,False
2435,シダー,"社名
株",current,2025年3月,,216.11,,photos/2435_シダー/current/photo_01.jpg,False
2435,シダー,"社名
株",current,2025年3月,,216.11,,photos/2435_シダー/current/photo_02.jpg,False
2435,シダー,"社名
株",current,2025年3月,,216.11,,photos/2435_シダー/current/photo_03.jpg,False
2437,Shinwa　Wise　Holdings,,current,,,,,photos/2437_Shinwa_Wise_Holdings/current/photo_01.jpg,False
2436,共同ピーアール,会長　谷,current,,,,,photos/2436_共同ピーアール/current/photo_01.jpg,False
2461,ファンコミュニケーションズ,二宮　幸司,current,2004年4月,,,,photos/2461_ファンコミュニケーションズ/current/photo_01.jpg,False
2449,プラップジャパン,締役  鈴木,current,2025年8月,,998.2,,photos/2449_プラップジャパン/current/photo_01.jpg,False
2462,ライク,"体制
当社",current,2023年12月,,1291.69,,photos/2462_ライク/current/photo_01.jpg,False
2469,ヒビノ,比野　晃久,current,,,,,photos/2469_ヒビノ/current/photo_01.jpg,False
2469,ヒビノ,比野　晃久,current,,,,,photos/2469_ヒビノ/current/photo_02.jpg,False
2469,ヒビノ,比野　晃久,current,,,,,photos/2469_ヒビノ/current/photo_03.jpg,False
2469,ヒビノ,比野　晃久,current,,,,,photos/2469_ヒビノ/current/photo_04.jpg,False
2469,ヒビノ,比野　晃久,current,,,,,photos/2469_ヒビノ/current/photo_05.jpg,False
2475,WDBホールディングス,中野 敏光,current,,,,,photos/2475_WDBホールディングス/current/photo_01.jpg,False
2464,Aoba-BBT,椿 進株,current,,,,,photos/2464_Aoba-BBT/current/photo_01.jpg,False
2471,エスプール,"会長
浦上",current,,,,,photos/2471_エスプール/current/photo_01.jpg,False
2483,翻訳センター,"月
 二宮",current,2018年7月,,2231.02,,photos/2483_翻訳センター/current/photo_01.jpg,False
2480,システム・ロケーション,千村 岳彦,current,,,,,photos/2480_システム・ロケーション/current/photo_01.jpg,False
2489,アドウェイズ,山田 翔,current,2009年10月,,181.18,,photos/2489_アドウェイズ/current/photo_01.jpg,False
2488,JTP,森　豊,current,2024年3月,,908.99,,photos/2488_JTP/current/photo_01.jpg,False
2492,インフォマート,木村　慎,current,,,,,photos/2492_インフォマート/current/photo_01.jpg,False
2497,ユナイテッド,兼 執行役,current,2012年12月,,73.49,,photos/2497_ユナイテッド/current/photo_01.jpg,False
2497,ユナイテッド,兼 執行役,current,2012年12月,,73.49,,photos/2497_ユナイテッド/current/photo_02.jpg,False
2497,ユナイテッド,兼 執行役,current,2012年12月,,73.49,,photos/2497_ユナイテッド/current/photo_03.jpg,False
2497,ユナイテッド,兼 執行役,current,2012年12月,,73.49,,photos/2497_ユナイテッド/current/photo_04.jpg,False
2501,サッポロホールディングス,江崎,current,,,,,photos/2501_サッポロホールディングス/current/photo_01.jpg,False
2503,キリンホールディングス,"任者
南方",current,2026年2月,,2474.0,,photos/2503_キリンホールディングス/current/photo_01.jpg,False
2531,宝ホールディングス,木村 睦,current,,,,,photos/2531_宝ホールディングス/current/photo_01.jpg,False
2579,コカ・コーラ　ボトラーズジャパンホールディングス,,current,2017年4月,,3009.14,,photos/2579_コカ・コーラ_ボトラーズジャパンホールディングス/current/photo_01.jpg,False
2590,ダイドーグループホールディングス,,current,2022年１月,,2231.59,,photos/2590_ダイドーグループホールディングス/current/photo_01.jpg,False
2502,アサヒグループホールディングス,,current,2011年7月,,393.21,,photos/2502_アサヒグループホールディングス/current/photo_01.jpg,False
2594,キーコーヒー,会社 代表取,prev_1,,,,,,False
2602,日清オイリオグループ,日清,current,,,,,photos/2602_日清オイリオグループ/current/photo_01.jpg,False
2607,不二製油,,current,2025年3月,,2657.84,,photos/2607_不二製油/current/photo_01.jpg,False
2607,不二製油,,current,2025年3月,,2657.84,,photos/2607_不二製油/current/photo_02.jpg,False
2607,不二製油,,current,2025年3月,,2657.84,,photos/2607_不二製油/current/photo_03.jpg,False
2607,不二製油,,current,2025年3月,,2657.84,,photos/2607_不二製油/current/photo_04.jpg,False
2607,不二製油,,current,2025年3月,,2657.84,,photos/2607_不二製油/current/photo_05.jpg,False
2667,イメージ　ワン,"月
株",current,2026年2月,,312.0,,photos/2667_イメージ_ワン/current/photo_01.jpg,False
2667,イメージ　ワン,"月
株",current,2026年2月,,312.0,,photos/2667_イメージ_ワン/current/photo_02.jpg,False
2667,イメージ　ワン,"月
株",current,2026年2月,,312.0,,photos/2667_イメージ_ワン/current/photo_03.jpg,False
2573,北海道コカ・コーラボトリング,酒寄 正太,current,,,,,photos/2573_北海道コカ・コーラボトリング/current/photo_01.jpg,False
2676,高千穂交易,必要,current,,,,,photos/2676_高千穂交易/current/photo_01.jpg,False
2653,イオン九州,中川　伊正,current,,,,,photos/2653_イオン九州/current/photo_01.jpg,False
2692,伊藤忠食品,伊藤忠食,current,,,,,photos/2692_伊藤忠食品/current/photo_01.jpg,False
2698,キャンドゥ,感動,current,,,,,photos/2698_キャンドゥ/current/photo_01.jpg,False
2694,焼肉坂井ホールディングス,髙橋 仁志,current,,,,,photos/2694_焼肉坂井ホールディングス/current/photo_01.jpg,False
2733,あらた,皆様,current,,,,,photos/2733_あらた/current/photo_01.jpg,False
2726,パルグループホールディングス,児島  宏文,current,,,,,photos/2726_パルグループホールディングス/current/photo_01.jpg,False
2742,ハローズ,"変更
小",current,2025年5月,,4331.44,,photos/2742_ハローズ/current/photo_01.jpg,False
2747,北雄ラッキー,"挨拶

北雄",current,,,,,photos/2747_北雄ラッキー/current/photo_01.jpg,False
2750,石光商事,石光商,current,,,,,photos/2750_石光商事/current/photo_01.jpg,False
2750,石光商事,石光商,current,,,,,photos/2750_石光商事/current/photo_02.jpg,False
2750,石光商事,石光商,current,,,,,photos/2750_石光商事/current/photo_03.jpg,False
2751,テンポスホールディングス,演劇,current,,,,,photos/2751_テンポスホールディングス/current/photo_01.jpg,False
2751,テンポスホールディングス,演劇,current,,,,,photos/2751_テンポスホールディングス/current/photo_02.jpg,False
2751,テンポスホールディングス,演劇,current,,,,,photos/2751_テンポスホールディングス/current/photo_03.jpg,False
2751,テンポスホールディングス,演劇,current,,,,,photos/2751_テンポスホールディングス/current/photo_04.jpg,False
2751,テンポスホールディングス,演劇,current,,,,,photos/2751_テンポスホールディングス/current/photo_05.jpg,False
2768,双日,植村 幸祐,current,,,,,photos/2768_双日/current/photo_01.jpg,False
2784,アルフレッサ　ホールディングス,,current,,,,,photos/2784_アルフレッサ_ホールディングス/current/photo_01.jpg,False
2789,カルラ,井上 善行,current,,,,,photos/2789_カルラ/current/photo_01.jpg,False
2790,ナフコ,石田 卓巳,current,,,,,photos/2790_ナフコ/current/photo_01.jpg,False
2780,コメ兵ホールディングス,石原 卓児,current,2020年10月,,675.89,,photos/2780_コメ兵ホールディングス/current/photo_01.jpg,False
2780,コメ兵ホールディングス,石原 卓児,current,2020年10月,,675.89,,photos/2780_コメ兵ホールディングス/current/photo_02.jpg,False
2778,パレモ・ホールディングス,,current,,,,,photos/2778_パレモ・ホールディングス/current/photo_01.jpg,False
2795,日本プリメックス,"方針
世界的",current,,,,,photos/2795_日本プリメックス/current/photo_01.jpg,False
2804,ブルドックソース,明治,current,,,,,photos/2804_ブルドックソース/current/photo_01.jpg,False
2810,ハウス食品グループ本社,浦上 博史,current,,,,,photos/2810_ハウス食品グループ本社/current/photo_01.jpg,False
2809,キユーピー,始者 中島董,current,,,,,photos/2809_キユーピー/current/photo_01.jpg,False
2809,キユーピー,始者 中島董,current,,,,,photos/2809_キユーピー/current/photo_02.jpg,False
2809,キユーピー,始者 中島董,current,,,,,photos/2809_キユーピー/current/photo_03.jpg,False
2819,エバラ食品工業,森村　剛士,current,,,,,photos/2819_エバラ食品工業/current/photo_01.jpg,False
2830,アヲハタ,最高品質,current,,,,,photos/2830_アヲハタ/current/photo_01.jpg,False
2830,アヲハタ,最高品質,current,,,,,photos/2830_アヲハタ/current/photo_02.jpg,False
2874,横浜冷凍,古瀬 健児,current,2001年10月,,332.84,,photos/2874_横浜冷凍/current/photo_01.jpg,False
2875,東洋水産,住本 憲,current,,,,,photos/2875_東洋水産/current/photo_01.jpg,False
2820,やまみ,"社名
株",current,2025年6月,,4916.34,,photos/2820_やまみ/current/photo_01.jpg,False
2882,イートアンドホールディングス,文野 直樹,current,,,,,photos/2882_イートアンドホールディングス/current/photo_01.jpg,False
2882,イートアンドホールディングス,文野 直樹,current,,,,,photos/2882_イートアンドホールディングス/current/photo_02.jpg,False
2882,イートアンドホールディングス,文野 直樹,current,,,,,photos/2882_イートアンドホールディングス/current/photo_03.jpg,False
2882,イートアンドホールディングス,文野 直樹,current,,,,,photos/2882_イートアンドホールディングス/current/photo_04.jpg,False
2882,イートアンドホールディングス,文野 直樹,current,,,,,photos/2882_イートアンドホールディングス/current/photo_05.jpg,False
2877,日東ベスト,日東,current,,,,,photos/2877_日東ベスト/current/photo_01.jpg,False
2877,日東ベスト,日東,current,,,,,photos/2877_日東ベスト/current/photo_02.jpg,False
2877,日東ベスト,日東,current,,,,,photos/2877_日東ベスト/current/photo_03.jpg,False
2892,日本食品化工,当社,current,,,,,photos/2892_日本食品化工/current/photo_01.jpg,False
2871,ニチレイ,"一覧
 各拠点",current,,,,,photos/2871_ニチレイ/current/photo_01.jpg,False
2871,ニチレイ,役　職,prev_1,2026年2月17日,2026年6月,2019.5,,,False
2904,一正蒲鉾,,current,2021年7月,,882.62,,photos/2904_一正蒲鉾/current/photo_01.jpg,False
2884,ヨシムラ・フード・ホールディングス,吉村 元久,current,,,,,photos/2884_ヨシムラ・フード・ホールディングス/current/photo_01.jpg,False
2910,ロック・フィールド,古塚　孝志,current,,,,,photos/2910_ロック・フィールド/current/photo_01.jpg,False
2929,ファーマフーズ,金 武祚,current,,,,,photos/2929_ファーマフーズ/current/photo_01.jpg,False
2931,ユーグレナ,出雲 充,current,2025年8月,,414.93,,photos/2931_ユーグレナ/current/photo_01.jpg,False
2931,ユーグレナ,出雲 充,current,2025年8月,,414.93,,photos/2931_ユーグレナ/current/photo_02.jpg,False
2931,ユーグレナ,出雲 充,current,2025年8月,,414.93,,photos/2931_ユーグレナ/current/photo_03.jpg,False
2934,ジェイフロンティア,中村 篤弘,current,2021年3月,,,,photos/2934_ジェイフロンティア/current/photo_01.jpg,False
2935,ピックルスホールディングス,提供,current,,,,,photos/2935_ピックルスホールディングス/current/photo_01.jpg,False
2935,ピックルスホールディングス,提供,current,,,,,photos/2935_ピックルスホールディングス/current/photo_02.jpg,False
2938,オカムラ食品工業,岡村 恒一,current,2025年6月,,821.5,,photos/2938_オカムラ食品工業/current/photo_01.jpg,False
2962,テクニスコ,関家　圭三,current,,,,,photos/2962_テクニスコ/current/photo_01.jpg,False
2962,テクニスコ,関家　圭三,current,,,,,photos/2962_テクニスコ/current/photo_02.jpg,False
2962,テクニスコ,関家　圭三,current,,,,,photos/2962_テクニスコ/current/photo_03.jpg,False
2962,テクニスコ,関家　圭三,current,,,,,photos/2962_テクニスコ/current/photo_04.jpg,False
2962,テクニスコ,関家　圭三,current,,,,,photos/2962_テクニスコ/current/photo_05.jpg,False
2975,スター・マイカ・ホールディングス,水永 政志,current,2019年6月,,511.53,,photos/2975_スター・マイカ・ホールディングス/current/photo_01.jpg,False
2975,スター・マイカ・ホールディングス,水永 政志,current,2019年6月,,511.53,,photos/2975_スター・マイカ・ホールディングス/current/photo_02.jpg,False
2978,ツクルバ,"締役
福島",current,2019年6月,,,,photos/2978_ツクルバ/current/photo_01.jpg,False
2980,SREホールディングス,西山 和良,current,,,,,photos/2980_SREホールディングス/current/photo_01.jpg,False
2980,SREホールディングス,西山 和良,current,,,,,photos/2980_SREホールディングス/current/photo_02.jpg,False
2980,SREホールディングス,西山 和良,current,,,,,photos/2980_SREホールディングス/current/photo_03.jpg,False
2980,SREホールディングス,西山 和良,current,,,,,photos/2980_SREホールディングス/current/photo_04.jpg,False
2980,SREホールディングス,西山 和良,current,,,,,photos/2980_SREホールディングス/current/photo_05.jpg,False
2982,ADワークスグループ,田中 秀夫,current,2011年2月,,,,photos/2982_ADワークスグループ/current/photo_01.jpg,False
2927,AFC-HDアムスライフサイエンス,"挨拶
私",current,,,,,photos/2927_AFC-HDアムスライフサイエンス/current/photo_01.jpg,False
2993,長栄,舩井 渉,current,,,,,photos/2993_長栄/current/photo_01.jpg,False
2997,ストレージ王,締役　 荒川,current,2022年4月,,756.0,,photos/2997_ストレージ王/current/photo_01.jpg,False
2997,ストレージ王,締役　 荒川,current,2022年4月,,756.0,,photos/2997_ストレージ王/current/photo_02.jpg,False
3001,片倉工業,通称社名,current,2024年12月,,1902.11,,photos/3001_片倉工業/current/photo_01.jpg,False
3002,グンゼ,"環境
社会",current,,,,,photos/3002_グンゼ/current/photo_01.jpg,False
3002,グンゼ,"環境
社会",current,,,,,photos/3002_グンゼ/current/photo_02.jpg,False
3002,グンゼ,"環境
社会",current,,,,,photos/3002_グンゼ/current/photo_03.jpg,False
3003,ヒューリック,会長 西浦,current,2024年12月,,1349.4,,photos/3003_ヒューリック/current/photo_01.jpg,False
2983,アールプランナー,当社 梢政樹,current,2025年11月,,1197.25,,photos/2983_アールプランナー/current/photo_01.jpg,False
2983,アールプランナー,当社 梢政樹,current,2025年11月,,1197.25,,photos/2983_アールプランナー/current/photo_02.jpg,False
3023,ラサ商事,月期 第,current,2026年３月,,,,photos/3023_ラサ商事/current/photo_01.jpg,False
3023,ラサ商事,月期 第,current,2026年３月,,,,photos/3023_ラサ商事/current/photo_02.jpg,False
3023,ラサ商事,月期 第,current,2026年３月,,,,photos/3023_ラサ商事/current/photo_03.jpg,False
3023,ラサ商事,月期 第,current,2026年３月,,,,photos/3023_ラサ商事/current/photo_04.jpg,False
3023,ラサ商事,月期 第,current,2026年３月,,,,photos/3023_ラサ商事/current/photo_05.jpg,False
3024,クリエイト,,current,,,,,photos/3024_クリエイト/current/photo_01.jpg,False
2998,クリアル,横田　大造,current,,,,,photos/2998_クリアル/current/photo_01.jpg,False
3034,クオールホールディングス,中村 敬,current,,,,,photos/3034_クオールホールディングス/current/photo_01.jpg,False
3010,ポラリス・ホールディングス,"会長
高倉",current,,,,,photos/3010_ポラリス・ホールディングス/current/photo_01.jpg,False
3031,ラクーンホールディングス,小方 功,current,2013年5月,,174.51,,photos/3031_ラクーンホールディングス/current/photo_01.jpg,False
3031,ラクーンホールディングス,小方 功,current,2013年5月,,174.51,,photos/3031_ラクーンホールディングス/current/photo_02.jpg,False
3031,ラクーンホールディングス,小方 功,current,2013年5月,,174.51,,photos/3031_ラクーンホールディングス/current/photo_03.jpg,False
3031,ラクーンホールディングス,小方 功,current,2013年5月,,174.51,,photos/3031_ラクーンホールディングス/current/photo_04.jpg,False
3036,アルコニックス,代木 洋,current,2003年4月,,,,photos/3036_アルコニックス/current/photo_01.jpg,False
3038,神戸物産,沼田　博和,current,,,,,photos/3038_神戸物産/current/photo_01.jpg,False
3063,ジェイグループホールディングス,,current,,,,,photos/3063_ジェイグループホールディングス/current/photo_01.jpg,False
3079,ディーブイエックス,,current,,,,,photos/3079_ディーブイエックス/current/photo_01.jpg,False
3086,J.フロント　リテイリング,小出 寛子,current,2001年4月,,399.21,,photos/3086_J_フロント_リテイリング/current/photo_01.jpg,False
3092,ZOZO,澤田 宏太郎,current,2005年６月,,,,photos/3092_ZOZO/current/photo_01.jpg,False
3092,ZOZO,澤田 宏太郎,current,2005年６月,,,,photos/3092_ZOZO/current/photo_02.jpg,False
3097,物語コーポレーション,"社名
株",current,2025年6月,,3403.83,,photos/3097_物語コーポレーション/current/photo_01.jpg,False
3097,物語コーポレーション,"社名
株",current,2025年6月,,3403.83,,photos/3097_物語コーポレーション/current/photo_02.jpg,False
3097,物語コーポレーション,"社名
株",current,2025年6月,,3403.83,,photos/3097_物語コーポレーション/current/photo_03.jpg,False
3103,ユニチカ,問合,current,,,,,photos/3103_ユニチカ/current/photo_01.jpg,False
3103,ユニチカ,問合,current,,,,,photos/3103_ユニチカ/current/photo_02.jpg,False
3101,東洋紡,,current,2025年3月,,936.16,,photos/3101_東洋紡/current/photo_01.jpg,False
3106,倉敷紡績,社会,current,,,,,photos/3106_倉敷紡績/current/photo_01.jpg,False
3105,日清紡ホールディングス,日清紡,current,,,,,photos/3105_日清紡ホールディングス/current/photo_01.jpg,False
3109,シキボウ,,current,,,,,photos/3109_シキボウ/current/photo_01.jpg,False
3113,UNIVA・Oakホールディングス,,current,,,,,photos/3113_UNIVA・Oakホールディングス/current/photo_01.jpg,False
3113,UNIVA・Oakホールディングス,,current,,,,,photos/3113_UNIVA・Oakホールディングス/current/photo_02.jpg,False
3113,UNIVA・Oakホールディングス,,current,,,,,photos/3113_UNIVA・Oakホールディングス/current/photo_03.jpg,False
3113,UNIVA・Oakホールディングス,,current,,,,,photos/3113_UNIVA・Oakホールディングス/current/photo_04.jpg,False
3113,UNIVA・Oakホールディングス,,current,,,,,photos/3113_UNIVA・Oakホールディングス/current/photo_05.jpg,False
3116,トヨタ紡織,白柳 正義,current,,,,,photos/3116_トヨタ紡織/current/photo_01.jpg,False
3131,シンデン・ハイテックス,鈴木 淳,current,,,,,photos/3131_シンデン・ハイテックス/current/photo_01.jpg,False
3148,クリエイトSDホールディングス,,current,2009年3月,,427.56,,photos/3148_クリエイトSDホールディングス/current/photo_01.jpg,False
3151,バイタルケーエスケー・ホールディングス,村井 泰介,current,2006年6月,,467.34,,photos/3151_バイタルケーエスケー・ホールディングス/current/photo_01.jpg,False
3154,メディアスホールディングス,,current,,,,,photos/3154_メディアスホールディングス/current/photo_01.jpg,False
3154,メディアスホールディングス,,current,,,,,photos/3154_メディアスホールディングス/current/photo_02.jpg,False
3157,ジオリーブグループ,植木 啓之,current,,,,,photos/3157_ジオリーブグループ/current/photo_01.jpg,False
3159,丸善CHIホールディングス,"拡大
丸善",current,,,,,photos/3159_丸善CHIホールディングス/current/photo_01.jpg,False
3173,Cominix,社会,current,,,,,photos/3173_Cominix/current/photo_01.jpg,False
3173,Cominix,社会,current,,,,,photos/3173_Cominix/current/photo_02.jpg,False
3174,ハピネス・アンド・ディ,前原　聡,current,,,,,photos/3174_ハピネス・アンド・ディ/current/photo_01.jpg,False
3176,三洋貿易,新谷　正伸,current,,,,,photos/3176_三洋貿易/current/photo_01.jpg,False
3180,ビューティガレージ,野村 秀輝,current,2001年1月,,,,photos/3180_ビューティガレージ/current/photo_01.jpg,False
3182,オイシックス・ラ・大地,私達,current,2020年4月,,1156.9,,photos/3182_オイシックス・ラ・大地/current/photo_01.jpg,False
3187,ミラタップ,"状況
企業統",current,2025年12月,,289.0,,photos/3187_ミラタップ/current/photo_01.jpg,False
3195,ジェネレーションパス,"説明
当社",current,2021年１月,,571.27,,photos/3195_ジェネレーションパス/current/photo_01.jpg,False
3197,すかいらーくホールディングス,金谷 実,current,,,,,photos/3197_すかいらーくホールディングス/current/photo_01.jpg,False
3199,綿半ホールディングス,野原　勇,current,,,,,photos/3199_綿半ホールディングス/current/photo_01.jpg,False
3198,SFPホールディングス,"方

当社",current,2025年5月,,2251.29,,photos/3198_SFPホールディングス/current/photo_01.jpg,False
3205,ダイドーリミテッド,成瀬　功一郎,current,2024年5月,,516.91,,photos/3205_ダイドーリミテッド/current/photo_01.jpg,False
3205,ダイドーリミテッド,成瀬　功一郎,current,2024年5月,,516.91,,photos/3205_ダイドーリミテッド/current/photo_02.jpg,False
3201,日本毛織,,current,2023年11月,,1289.67,,photos/3201_日本毛織/current/photo_01.jpg,False
3202,ダイトウボウ,山内 一裕,current,,,,,photos/3202_ダイトウボウ/current/photo_01.jpg,False
3231,野村不動産ホールディングス,野村不動,current,,,,,photos/3231_野村不動産ホールディングス/current/photo_01.jpg,False
3222,ユナイテッド・スーパーマーケット・ホールディングス,井出 武美,current,,,,,photos/3222_ユナイテッド・スーパーマーケット・ホールディングス/current/photo_01.jpg,False
3245,ディア・ライフ,阿部 幸広,current,,,,,photos/3245_ディア・ライフ/current/photo_01.jpg,False
3242,アーバネットコーポレーション,田中,current,,,,,photos/3242_アーバネットコーポレーション/current/photo_01.jpg,False
3241,ウィル,田中 真次,current,,,,,photos/3241_ウィル/current/photo_01.jpg,False
3252,地主,西羅 曜旦,current,,,,,photos/3252_地主/current/photo_01.jpg,False
3252,地主,西羅 曜旦,current,,,,,photos/3252_地主/current/photo_02.jpg,False
3267,フィル・カンパニー,外山 晋吾,current,2023年8月,,743.17,,photos/3267_フィル・カンパニー/current/photo_01.jpg,False
3276,JPMC,"戦略
中長期",current,2022年6月,,833.29,,photos/3276_JPMC/current/photo_01.jpg,False
3276,JPMC,"戦略
中長期",current,2022年6月,,833.29,,photos/3276_JPMC/current/photo_02.jpg,False
3286,トラストホールディングス,山川 修,current,2001年９月,,,,photos/3286_トラストホールディングス/current/photo_01.jpg,False
3288,オープンハウスグループ,締役 福岡,current,,,,,photos/3288_オープンハウスグループ/current/photo_01.jpg,False
3288,オープンハウスグループ,締役 福岡,current,,,,,photos/3288_オープンハウスグループ/current/photo_02.jpg,False
3288,オープンハウスグループ,締役 福岡,current,,,,,photos/3288_オープンハウスグループ/current/photo_03.jpg,False
3288,オープンハウスグループ,締役 福岡,current,,,,,photos/3288_オープンハウスグループ/current/photo_04.jpg,False
3288,オープンハウスグループ,締役 福岡,current,,,,,photos/3288_オープンハウスグループ/current/photo_05.jpg,False
3280,エストラスト,"方
当社",current,平成17年４月,,,,photos/3280_エストラスト/current/photo_01.jpg,False
3291,飯田グループホールディングス,,current,2013年11月,,1393.65,,photos/3291_飯田グループホールディングス/current/photo_01.jpg,False
3291,飯田グループホールディングス,,current,2013年11月,,1393.65,,photos/3291_飯田グループホールディングス/current/photo_02.jpg,False
3291,飯田グループホールディングス,,current,2013年11月,,1393.65,,photos/3291_飯田グループホールディングス/current/photo_03.jpg,False
3297,東武住販,荻野　利浩,current,2024年9月,,1022.71,,photos/3297_東武住販/current/photo_01.jpg,False
3299,ムゲンエステート,"締役
藤田",current,2013年3月,,,,photos/3299_ムゲンエステート/current/photo_01.jpg,False
3299,ムゲンエステート,"締役
藤田",current,2013年3月,,,,photos/3299_ムゲンエステート/current/photo_02.jpg,False
3299,ムゲンエステート,"締役
藤田",current,2013年3月,,,,photos/3299_ムゲンエステート/current/photo_03.jpg,False
3299,ムゲンエステート,"締役
藤田",current,2013年3月,,,,photos/3299_ムゲンエステート/current/photo_04.jpg,False
3299,ムゲンエステート,"締役
藤田",current,2013年3月,,,,photos/3299_ムゲンエステート/current/photo_05.jpg,False
3315,日本コークス工業,企業理念,current,,,,,photos/3315_日本コークス工業/current/photo_01.jpg,False
3321,ミタチ産業,橘 和博,current,,,,,photos/3321_ミタチ産業/current/photo_01.jpg,False
3329,東和フードサービス,岸野　誠人,current,,,,,photos/3329_東和フードサービス/current/photo_01.jpg,False
3329,東和フードサービス,岸野　誠人,current,,,,,photos/3329_東和フードサービス/current/photo_02.jpg,False
3326,ランシステム,月期上期,current,2026年3月,,,,photos/3326_ランシステム/current/photo_01.jpg,False
3326,ランシステム,月期上期,current,2026年3月,,,,photos/3326_ランシステム/current/photo_02.jpg,False
3326,ランシステム,月期上期,current,2026年3月,,,,photos/3326_ランシステム/current/photo_03.jpg,False
3326,ランシステム,月期上期,current,2026年3月,,,,photos/3326_ランシステム/current/photo_04.jpg,False
3326,ランシステム,月期上期,current,2026年3月,,,,photos/3326_ランシステム/current/photo_05.jpg,False
3289,東急不動産ホールディングス,魅力,current,2021年5月,,495.01,,photos/3289_東急不動産ホールディングス/current/photo_01.jpg,False
3359,cotta,黒須 綾希子,current,,,,,photos/3359_cotta/current/photo_01.jpg,False
3374,内外テック,井田 克郎,current,2024年4月,,3162.98,,photos/3374_内外テック/current/photo_01.jpg,False
3377,バイク王&カンパニー,澤　篤史,current,2007年7月,,535.64,,photos/3377_バイク王_カンパニー/current/photo_01.jpg,False
3377,バイク王&カンパニー,澤　篤史,current,2007年7月,,535.64,,photos/3377_バイク王_カンパニー/current/photo_02.jpg,False
3377,バイク王&カンパニー,澤　篤史,current,2007年7月,,535.64,,photos/3377_バイク王_カンパニー/current/photo_03.jpg,False
3377,バイク王&カンパニー,澤　篤史,current,2007年7月,,535.64,,photos/3377_バイク王_カンパニー/current/photo_04.jpg,False
3382,セブン&アイ・ホールディングス,締役　会長,current,2002年5月,,447.97,,photos/3382_セブン_アイ・ホールディングス/current/photo_01.jpg,False
3360,シップヘルスケアホールディングス,締役　佐野,current,2007年6月,,535.92,,photos/3360_シップヘルスケアホールディングス/current/photo_01.jpg,False
3391,ツルハホールディングス,鶴羽 順,current,,,,,photos/3391_ツルハホールディングス/current/photo_01.jpg,False
3393,スターティアホールディングス,本郷 秀之,current,,,,,photos/3393_スターティアホールディングス/current/photo_01.jpg,False
3393,スターティアホールディングス,本郷 秀之,current,,,,,photos/3393_スターティアホールディングス/current/photo_02.jpg,False
3393,スターティアホールディングス,本郷 秀之,current,,,,,photos/3393_スターティアホールディングス/current/photo_03.jpg,False
3393,スターティアホールディングス,本郷 秀之,current,,,,,photos/3393_スターティアホールディングス/current/photo_04.jpg,False
3393,スターティアホールディングス,本郷 秀之,current,,,,,photos/3393_スターティアホールディングス/current/photo_05.jpg,False
3392,デリカフーズホールディングス,持続可能,current,,,,,photos/3392_デリカフーズホールディングス/current/photo_01.jpg,False
3397,トリドールホールディングス,内容	飲食業,current,2016年10月,,1103.41,,photos/3397_トリドールホールディングス/current/photo_01.jpg,False
3401,帝人,,current,2017年4月,,1625.7,,photos/3401_帝人/current/photo_01.jpg,False
3401,帝人,,current,2017年4月,,1625.7,,photos/3401_帝人/current/photo_02.jpg,False
3401,帝人,,current,2017年4月,,1625.7,,photos/3401_帝人/current/photo_03.jpg,False
3401,帝人,,current,2017年4月,,1625.7,,photos/3401_帝人/current/photo_04.jpg,False
3401,帝人,,current,2017年4月,,1625.7,,photos/3401_帝人/current/photo_05.jpg,False
3416,ピクスタ,古俣 大介,current,2000年9月,,,,photos/3416_ピクスタ/current/photo_01.jpg,False
3420,ケー・エフ・シー,田村 知幸,current,,,,,photos/3420_ケー・エフ・シー/current/photo_01.jpg,False
3422,J-MAX,,current,,,,,photos/3422_J-MAX/current/photo_01.jpg,False
3422,J-MAX,,current,,,,,photos/3422_J-MAX/current/photo_02.jpg,False
3422,J-MAX,,current,,,,,photos/3422_J-MAX/current/photo_03.jpg,False
3422,J-MAX,,current,,,,,photos/3422_J-MAX/current/photo_04.jpg,False
3422,J-MAX,,current,,,,,photos/3422_J-MAX/current/photo_05.jpg,False
3433,トーカロ,小林　和也,current,2014年4月,,288.87,,photos/3433_トーカロ/current/photo_01.jpg,False
3433,トーカロ,小林　和也,current,2014年4月,,288.87,,photos/3433_トーカロ/current/photo_02.jpg,False
3433,トーカロ,小林　和也,current,2014年4月,,288.87,,photos/3433_トーカロ/current/photo_03.jpg,False
3433,トーカロ,小林　和也,current,2014年4月,,288.87,,photos/3433_トーカロ/current/photo_04.jpg,False
3433,トーカロ,小林　和也,current,2014年4月,,288.87,,photos/3433_トーカロ/current/photo_05.jpg,False
3426,アトムリビンテック,引戸,current,令和3年4月,,1422.53,,photos/3426_アトムリビンテック/current/photo_01.jpg,False
3426,アトムリビンテック,引戸,current,令和3年4月,,1422.53,,photos/3426_アトムリビンテック/current/photo_02.jpg,False
3440,日創プロニティ,石田 徹,current,2025年8月,,1008.03,,photos/3440_日創プロニティ/current/photo_01.jpg,False
3465,ケイアイスター不動産,塙 圭二,current,,,,,photos/3465_ケイアイスター不動産/current/photo_01.jpg,False
3474,G-FACTORY,片平 雅之,current,,,,,photos/3474_G-FACTORY/current/photo_01.jpg,False
3446,ジェイテックコーポレーション,津村 尚史,current,2021年5月,,2910.0,,photos/3446_ジェイテックコーポレーション/current/photo_01.jpg,False
3446,ジェイテックコーポレーション,津村 尚史,current,2021年5月,,2910.0,,photos/3446_ジェイテックコーポレーション/current/photo_02.jpg,False
3446,ジェイテックコーポレーション,津村 尚史,current,2021年5月,,2910.0,,photos/3446_ジェイテックコーポレーション/current/photo_03.jpg,False
3446,ジェイテックコーポレーション,津村 尚史,current,2021年5月,,2910.0,,photos/3446_ジェイテックコーポレーション/current/photo_04.jpg,False
3479,ティーケーピー,河野 貴輝,current,2005年8月,,,,photos/3479_ティーケーピー/current/photo_01.jpg,False
3479,ティーケーピー,河野 貴輝,current,2005年8月,,,,photos/3479_ティーケーピー/current/photo_02.jpg,False
3479,ティーケーピー,河野 貴輝,current,2005年8月,,,,photos/3479_ティーケーピー/current/photo_03.jpg,False
3479,ティーケーピー,河野 貴輝,current,2005年8月,,,,photos/3479_ティーケーピー/current/photo_04.jpg,False
3479,ティーケーピー,河野 貴輝,current,2005年8月,,,,photos/3479_ティーケーピー/current/photo_05.jpg,False
3480,ジェイ・エス・ビー,森 高広,current,,,,,photos/3480_ジェイ・エス・ビー/current/photo_01.jpg,False
3482,ロードスターキャピタル,月期　決算説,current,2026年2月,,3090.0,,photos/3482_ロードスターキャピタル/current/photo_01.jpg,False
3482,ロードスターキャピタル,月期　決算説,current,2026年2月,,3090.0,,photos/3482_ロードスターキャピタル/current/photo_02.jpg,False
3482,ロードスターキャピタル,月期　決算説,current,2026年2月,,3090.0,,photos/3482_ロードスターキャピタル/current/photo_03.jpg,False
3484,イノベーションホールディングス,,current,2005年11月,,,,photos/3484_イノベーションホールディングス/current/photo_01.jpg,False
3484,イノベーションホールディングス,,current,2005年11月,,,,photos/3484_イノベーションホールディングス/current/photo_02.jpg,False
3467,アグレ都市デザイン,"挨拶

理想的",current,,,,,photos/3467_アグレ都市デザイン/current/photo_01.jpg,False
3467,アグレ都市デザイン,"挨拶

理想的",current,,,,,photos/3467_アグレ都市デザイン/current/photo_02.jpg,False
3469,デュアルタップ,臼井 貴弘,current,2006年8月,,,,photos/3469_デュアルタップ/current/photo_01.jpg,False
3486,グローバル・リンク・マネジメント,金 大仲,current,2025年7月,,2030.16,,photos/3486_グローバル・リンク・マネジメント/current/photo_01.jpg,False
3486,グローバル・リンク・マネジメント,金 大仲,current,2025年7月,,2030.16,,photos/3486_グローバル・リンク・マネジメント/current/photo_02.jpg,False
3486,グローバル・リンク・マネジメント,金 大仲,current,2025年7月,,2030.16,,photos/3486_グローバル・リンク・マネジメント/current/photo_03.jpg,False
3486,グローバル・リンク・マネジメント,金 大仲,current,2025年7月,,2030.16,,photos/3486_グローバル・リンク・マネジメント/current/photo_04.jpg,False
3486,グローバル・リンク・マネジメント,金 大仲,current,2025年7月,,2030.16,,photos/3486_グローバル・リンク・マネジメント/current/photo_05.jpg,False
3494,マリオン,,current,,,,,photos/3494_マリオン/current/photo_01.jpg,False
3490,アズ企画設計,松本 俊人,current,2022年12月,,1216.56,,photos/3490_アズ企画設計/current/photo_01.jpg,False
3475,グッドコムアセット,長嶋　義和,current,,,,,photos/3475_グッドコムアセット/current/photo_01.jpg,False
3513,イチカワ,矢崎 孝信,current,,,,,photos/3513_イチカワ/current/photo_01.jpg,False
3512,日本フエルト,,current,,,,,photos/3512_日本フエルト/current/photo_01.jpg,False
3529,アツギ,日光 信二,current,,,,,photos/3529_アツギ/current/photo_01.jpg,False
3542,ベガコーポレーション,浮城 智和,current,,,,,photos/3542_ベガコーポレーション/current/photo_01.jpg,False
3542,ベガコーポレーション,浮城 智和,current,,,,,photos/3542_ベガコーポレーション/current/photo_02.jpg,False
3542,ベガコーポレーション,浮城 智和,current,,,,,photos/3542_ベガコーポレーション/current/photo_03.jpg,False
3542,ベガコーポレーション,浮城 智和,current,,,,,photos/3542_ベガコーポレーション/current/photo_04.jpg,False
3542,ベガコーポレーション,浮城 智和,current,,,,,photos/3542_ベガコーポレーション/current/photo_05.jpg,False
3543,コメダホールディングス,甘利祐一,current,2006年7月,,,,photos/3543_コメダホールディングス/current/photo_01.jpg,False
3544,サツドラホールディングス,富山 浩樹,current,,,,,photos/3544_サツドラホールディングス/current/photo_01.jpg,False
3559,ピーバンドットコム,,current,2023年6月,,474.35,,photos/3559_ピーバンドットコム/current/photo_01.jpg,False
3559,ピーバンドットコム,,current,2023年6月,,474.35,,photos/3559_ピーバンドットコム/current/photo_02.jpg,False
3559,ピーバンドットコム,,current,2023年6月,,474.35,,photos/3559_ピーバンドットコム/current/photo_03.jpg,False
3559,ピーバンドットコム,,current,2023年6月,,474.35,,photos/3559_ピーバンドットコム/current/photo_04.jpg,False
3559,ピーバンドットコム,,current,2023年6月,,474.35,,photos/3559_ピーバンドットコム/current/photo_05.jpg,False
3562,No.1,辰巳　崇之,current,,,,,photos/3562_No_1/current/photo_01.jpg,False
3562,No.1,辰巳　崇之,current,,,,,photos/3562_No_1/current/photo_02.jpg,False
3562,No.1,辰巳　崇之,current,,,,,photos/3562_No_1/current/photo_03.jpg,False
3562,No.1,辰巳　崇之,current,,,,,photos/3562_No_1/current/photo_04.jpg,False
3562,No.1,辰巳　崇之,current,,,,,photos/3562_No_1/current/photo_05.jpg,False
3563,FOOD　&　LIFE　COMPANIES,山本 雅啓,current,,,,,photos/3563_FOOD___LIFE_COMPANIES/current/photo_01.jpg,False
3563,FOOD　&　LIFE　COMPANIES,山本 雅啓,current,,,,,photos/3563_FOOD___LIFE_COMPANIES/current/photo_02.jpg,False
3571,ソトー,上田 康彦,current,,,,,photos/3571_ソトー/current/photo_01.jpg,False
3571,ソトー,上田 康彦,current,,,,,photos/3571_ソトー/current/photo_02.jpg,False
3571,ソトー,上田 康彦,current,,,,,photos/3571_ソトー/current/photo_03.jpg,False
3571,ソトー,上田 康彦,current,,,,,photos/3571_ソトー/current/photo_04.jpg,False
3571,ソトー,上田 康彦,current,,,,,photos/3571_ソトー/current/photo_05.jpg,False
3608,TSIホールディングス,下地 毅,current,,,,,photos/3608_TSIホールディングス/current/photo_01.jpg,False
3611,マツオカコーポレーション,"締役
松岡",current,2000年6月,,,,photos/3611_マツオカコーポレーション/current/photo_01.jpg,False
3622,ネットイヤーグループ,生成,current,2024年6月,,540.84,,photos/3622_ネットイヤーグループ/current/photo_01.jpg,False
3622,ネットイヤーグループ,生成,current,2024年6月,,540.84,,photos/3622_ネットイヤーグループ/current/photo_02.jpg,False
3591,ワコールホールディングス,"年
株式会",prev_1,2023年02月28日,2023年2月24日,2164.6,2107.0,,False
3591,ワコールホールディングス,"日
株式会",prev_2,2023年02月28日,,2164.6,,,False
3612,ワールド,鈴木 信輝,current,,,,,photos/3612_ワールド/current/photo_01.jpg,False
3627,テクミラホールディングス,,current,,,,,photos/3627_テクミラホールディングス/current/photo_01.jpg,False
3632,グリーホールディングス,田中 良和,current,2000年2月,,,,photos/3632_グリーホールディングス/current/photo_01.jpg,False
3633,GMOペパボ,,current,,,,,photos/3633_GMOペパボ/current/photo_01.jpg,False
3626,TIS,"月
株",current,2000年6月,,,,photos/3626_TIS/current/photo_01.jpg,False
3648,AGS,中野　真治,current,,,,,photos/3648_AGS/current/photo_01.jpg,False
3649,ファインデックス,,current,,,,,photos/3649_ファインデックス/current/photo_01.jpg,False
3655,ブレインパッド,号 六本木,current,2004年3月,,,,photos/3655_ブレインパッド/current/photo_01.jpg,False
3652,ディジタルメディアプロフェッショナル,山本 達夫,current,,,,,photos/3652_ディジタルメディアプロフェッショナル/current/photo_01.jpg,False
3656,KLab,真田 哲弥,current,,,,,photos/3656_KLab/current/photo_01.jpg,False
3660,アイスタイル,合同 美容部,current,,,,,photos/3660_アイスタイル/current/photo_01.jpg,False
3660,アイスタイル,合同 美容部,current,,,,,photos/3660_アイスタイル/current/photo_02.jpg,False
3660,アイスタイル,合同 美容部,current,,,,,photos/3660_アイスタイル/current/photo_03.jpg,False
3660,アイスタイル,合同 美容部,current,,,,,photos/3660_アイスタイル/current/photo_04.jpg,False
3660,アイスタイル,合同 美容部,current,,,,,photos/3660_アイスタイル/current/photo_05.jpg,False
3668,コロプラ,"会長
馬場",current,2003年3月,,,,photos/3668_コロプラ/current/photo_01.jpg,False
3671,ソフトマックス,萩原 千恵子,current,2025年12月,,330.63,,photos/3671_ソフトマックス/current/photo_01.jpg,False
3675,クロス・マーケティンググループ,十嵐　幹,current,2025年8月,,700.67,,photos/3675_クロス・マーケティンググループ/current/photo_01.jpg,False
3676,デジタルハーツホールディングス,筑紫 敏矢,current,,,,,photos/3676_デジタルハーツホールディングス/current/photo_01.jpg,False
3682,エンカレッジ・テクノロジ,"挨拶

私",current,2025年7月,,619.0,,photos/3682_エンカレッジ・テクノロジ/current/photo_01.jpg,False
3679,じげん,平尾 丈,current,,,,,photos/3679_じげん/current/photo_01.jpg,False
3679,じげん,平尾 丈,current,,,,,photos/3679_じげん/current/photo_02.jpg,False
3679,じげん,平尾 丈,current,,,,,photos/3679_じげん/current/photo_03.jpg,False
3679,じげん,平尾 丈,current,,,,,photos/3679_じげん/current/photo_04.jpg,False
3679,じげん,平尾 丈,current,,,,,photos/3679_じげん/current/photo_05.jpg,False
3687,フィックスターズ,三木 聡,current,2002年8月,,,,photos/3687_フィックスターズ/current/photo_01.jpg,False
3687,フィックスターズ,三木 聡,current,2002年8月,,,,photos/3687_フィックスターズ/current/photo_02.jpg,False
3687,フィックスターズ,三木 聡,current,2002年8月,,,,photos/3687_フィックスターズ/current/photo_03.jpg,False
3681,ブイキューブ,間下 直晃,current,2013年12月,,1232.48,,photos/3681_ブイキューブ/current/photo_01.jpg,False
3681,ブイキューブ,間下 直晃,current,2013年12月,,1232.48,,photos/3681_ブイキューブ/current/photo_02.jpg,False
3681,ブイキューブ,間下 直晃,current,2013年12月,,1232.48,,photos/3681_ブイキューブ/current/photo_03.jpg,False
3681,ブイキューブ,間下 直晃,current,2013年12月,,1232.48,,photos/3681_ブイキューブ/current/photo_04.jpg,False
3681,ブイキューブ,間下 直晃,current,2013年12月,,1232.48,,photos/3681_ブイキューブ/current/photo_05.jpg,False
3708,特種東海製紙,特種東海,current,,,,,photos/3708_特種東海製紙/current/photo_01.jpg,False
3698,CRI・ミドルウェア,押見 正雄,current,,,,,photos/3698_CRI・ミドルウェア/current/photo_01.jpg,False
3697,SHIFT,丹下 大,current,2005年9月,,,,photos/3697_SHIFT/current/photo_01.jpg,False
3726,フォーシーズHD,,current,2003年12月,,3820.0,,photos/3726_フォーシーズHD/current/photo_01.jpg,False
3727,アプリックス,倉林 聡子,current,2022年3月,,111.74,,photos/3727_アプリックス/current/photo_01.jpg,False
3727,アプリックス,倉林 聡子,current,2022年3月,,111.74,,photos/3727_アプリックス/current/photo_02.jpg,False
3733,ソフトウェア・サービス,日 組織改,current,2025年11月,,13815.74,,photos/3733_ソフトウェア・サービス/current/photo_01.jpg,False
3744,サイオス,多様性,current,,,,,photos/3744_サイオス/current/photo_01.jpg,False
3762,テクマトリックス,,current,,,,,photos/3762_テクマトリックス/current/photo_01.jpg,False
3762,テクマトリックス,,current,,,,,photos/3762_テクマトリックス/current/photo_02.jpg,False
3769,GMOペイメントゲートウェイ,相浦 一成,current,,,,,photos/3769_GMOペイメントゲートウェイ/current/photo_01.jpg,False
3766,システムズ・デザイン,,current,,,,,photos/3766_システムズ・デザイン/current/photo_01.jpg,False
3773,アドバンスト・メディア,鈴木 清幸,current,,,,,photos/3773_アドバンスト・メディア/current/photo_01.jpg,False
3778,さくらインターネット,挨拶,current,,,,,photos/3778_さくらインターネット/current/photo_01.jpg,False
3771,システムリサーチ,平山 宏,current,2021年3月,,807.85,,photos/3771_システムリサーチ/current/photo_01.jpg,False
3798,ULSグループ,"未来

創業以",current,,,,,photos/3798_ULSグループ/current/photo_01.jpg,False
3798,ULSグループ,"未来

創業以",current,,,,,photos/3798_ULSグループ/current/photo_02.jpg,False
3796,いい生活,中村 清高,current,,,,,photos/3796_いい生活/current/photo_01.jpg,False
3804,システム　ディ,堂山　遼,current,2024年4月,,1273.78,,photos/3804_システム_ディ/current/photo_01.jpg,False
3800,ユニリタ,共感,current,,,,,photos/3800_ユニリタ/current/photo_01.jpg,False
3816,大和コンピューター,中村　憲司,current,,,,,photos/3816_大和コンピューター/current/photo_01.jpg,False
3817,SRAホールディングス,,current,,,,,photos/3817_SRAホールディングス/current/photo_01.jpg,False
3844,コムチュア,"方
当社",current,,,,,photos/3844_コムチュア/current/photo_01.jpg,False
3844,コムチュア,"方
当社",current,,,,,photos/3844_コムチュア/current/photo_02.jpg,False
3826,システムインテグレータ,梅田　弘之,current,2026年2月,,497.0,,photos/3826_システムインテグレータ/current/photo_01.jpg,False
3826,システムインテグレータ,梅田　弘之,current,2026年2月,,497.0,,photos/3826_システムインテグレータ/current/photo_02.jpg,False
3845,アイフリークモバイル,吉田 邦臣,current,2000年4月,,,,photos/3845_アイフリークモバイル/current/photo_01.jpg,False
3853,アステリア,平野 洋一郎,current,,,,,photos/3853_アステリア/current/photo_01.jpg,False
3853,アステリア,平野 洋一郎,current,,,,,photos/3853_アステリア/current/photo_02.jpg,False
3853,アステリア,平野 洋一郎,current,,,,,photos/3853_アステリア/current/photo_03.jpg,False
3853,アステリア,平野 洋一郎,current,,,,,photos/3853_アステリア/current/photo_04.jpg,False
3853,アステリア,平野 洋一郎,current,,,,,photos/3853_アステリア/current/photo_05.jpg,False
3863,日本製紙,瀬邊　明,current,,,,,photos/3863_日本製紙/current/photo_01.jpg,False
3861,王子ホールディングス,,current,,,,,photos/3861_王子ホールディングス/current/photo_01.jpg,False
3864,三菱製紙,,current,,,,,photos/3864_三菱製紙/current/photo_01.jpg,False
3877,中越パルプ工業,福本　亮治,current,,,,,photos/3877_中越パルプ工業/current/photo_01.jpg,False
3880,大王製紙,価値創造,current,,,,,photos/3880_大王製紙/current/photo_01.jpg,False
3896,阿波製紙,号 第,current,,,,,photos/3896_阿波製紙/current/photo_01.jpg,False
3895,ハビックス,衛生,current,,,,,photos/3895_ハビックス/current/photo_01.jpg,False
3891,ニッポン高度紙工業,高知県,current,2021年8月,,3123.3,,photos/3891_ニッポン高度紙工業/current/photo_01.jpg,False
3902,メディカル・データ・ビジョン,社名,current,,,,,photos/3902_メディカル・データ・ビジョン/current/photo_01.jpg,False
3900,クラウドワークス,吉田 浩一郎,current,,,,,photos/3900_クラウドワークス/current/photo_01.jpg,False
3892,岡山製紙,,current,,,,,photos/3892_岡山製紙/current/photo_01.jpg,False
3892,岡山製紙,,current,,,,,photos/3892_岡山製紙/current/photo_02.jpg,False
3905,データセクション,日 執行役,current,2024年11月,,1215.0,,photos/3905_データセクション/current/photo_01.jpg,False
3913,GreenBee,"略歴
平成",current,平成8年7月,,,,photos/3913_GreenBee/current/photo_01.jpg,False
3915,テラスカイ,佐藤 秀哉,current,,,,,photos/3915_テラスカイ/current/photo_01.jpg,False
3916,デジタル・インフォメーション・テクノロジー,,current,2026年6月,,,,photos/3916_デジタル・インフォメーション・テクノロジー/current/photo_01.jpg,False
3923,ラクス,中村 崇則,current,,,,,photos/3923_ラクス/current/photo_01.jpg,False
3923,ラクス,中村 崇則,current,,,,,photos/3923_ラクス/current/photo_02.jpg,False
3923,ラクス,中村 崇則,current,,,,,photos/3923_ラクス/current/photo_03.jpg,False
3924,ランドコンピュータ,福 島,current,2021年1月,,310.91,,photos/3924_ランドコンピュータ/current/photo_01.jpg,False
3927,フーバーブレイン,輿水 英行,current,,,,,photos/3927_フーバーブレイン/current/photo_01.jpg,False
3918,PCIホールディングス,会長　戸澤,current,,,,,photos/3918_PCIホールディングス/current/photo_01.jpg,False
3931,バリューゴルフ,水口 通夫,current,,,,,photos/3931_バリューゴルフ/current/photo_01.jpg,False
3931,バリューゴルフ,水口 通夫,current,,,,,photos/3931_バリューゴルフ/current/photo_02.jpg,False
3931,バリューゴルフ,水口 通夫,current,,,,,photos/3931_バリューゴルフ/current/photo_03.jpg,False
3931,バリューゴルフ,水口 通夫,current,,,,,photos/3931_バリューゴルフ/current/photo_04.jpg,False
3936,グローバルウェイ,各務 正人,current,2024年10月,,108.0,,photos/3936_グローバルウェイ/current/photo_01.jpg,False
3936,グローバルウェイ,各務 正人,current,2024年10月,,108.0,,photos/3936_グローバルウェイ/current/photo_02.jpg,False
3937,Ubicomホールディングス,青木 正之,current,,,,,photos/3937_Ubicomホールディングス/current/photo_01.jpg,False
3939,カナミックネットワーク,,current,,,,,photos/3939_カナミックネットワーク/current/photo_01.jpg,False
3939,カナミックネットワーク,,current,,,,,photos/3939_カナミックネットワーク/current/photo_02.jpg,False
3939,カナミックネットワーク,,current,,,,,photos/3939_カナミックネットワーク/current/photo_03.jpg,False
3939,カナミックネットワーク,,current,,,,,photos/3939_カナミックネットワーク/current/photo_04.jpg,False
3939,カナミックネットワーク,,current,,,,,photos/3939_カナミックネットワーク/current/photo_05.jpg,False
3932,アカツキ,,current,2022年4月,,2465.16,,photos/3932_アカツキ/current/photo_01.jpg,False
3932,アカツキ,,current,2022年4月,,2465.16,,photos/3932_アカツキ/current/photo_02.jpg,False
3932,アカツキ,,current,2022年4月,,2465.16,,photos/3932_アカツキ/current/photo_03.jpg,False
3932,アカツキ,,current,2022年4月,,2465.16,,photos/3932_アカツキ/current/photo_04.jpg,False
3932,アカツキ,,current,2022年4月,,2465.16,,photos/3932_アカツキ/current/photo_05.jpg,False
3943,大石産業,,current,2025年4月,,1441.89,,photos/3943_大石産業/current/photo_01.jpg,False
3943,大石産業,,current,2025年4月,,1441.89,,photos/3943_大石産業/current/photo_02.jpg,False
3951,朝日印刷,朝日 重紀,current,,,,,photos/3951_朝日印刷/current/photo_01.jpg,False
3951,朝日印刷,朝日 重紀,current,,,,,photos/3951_朝日印刷/current/photo_02.jpg,False
3951,朝日印刷,朝日 重紀,current,,,,,photos/3951_朝日印刷/current/photo_03.jpg,False
3951,朝日印刷,朝日 重紀,current,,,,,photos/3951_朝日印刷/current/photo_04.jpg,False
3951,朝日印刷,朝日 重紀,current,,,,,photos/3951_朝日印刷/current/photo_05.jpg,False
3955,イムラ,"紹介
企業情",current,,,,,photos/3955_イムラ/current/photo_01.jpg,False
3958,笹徳印刷,会長　杉山卓,current,2025年9月,,536.04,,photos/3958_笹徳印刷/current/photo_01.jpg,False
3958,笹徳印刷,会長　杉山卓,current,2025年9月,,536.04,,photos/3958_笹徳印刷/current/photo_02.jpg,False
3950,ザ・パック,,current,,,,,photos/3950_ザ・パック/current/photo_01.jpg,False
3962,チェンジホールディングス,福留 大士,current,2003年4月,,,,photos/3962_チェンジホールディングス/current/photo_01.jpg,False
3964,オークネット,,current,2008年3月,,,,photos/3964_オークネット/current/photo_01.jpg,False
3954,昭和パックス,"社名
昭和",current,2025年3月,,1867.01,,photos/3954_昭和パックス/current/photo_01.jpg,False
3968,セグエグループ,"方針
当社",current,2025年4月,,481.39,,photos/3968_セグエグループ/current/photo_01.jpg,False
3970,イノベーション,富田　直人,current,2025年８月,,1015.0,,photos/3970_イノベーション/current/photo_01.jpg,False
3981,ビーグリー,,current,2004年10月,,,,photos/3981_ビーグリー/current/photo_01.jpg,False
3983,オロ,川田 篤,current,,,,,photos/3983_オロ/current/photo_01.jpg,False
3979,うるる,星 知也,current,2022年３月,,320.74,,photos/3979_うるる/current/photo_01.jpg,False
3979,うるる,星 知也,current,2022年３月,,320.74,,photos/3979_うるる/current/photo_02.jpg,False
3979,うるる,星 知也,current,2022年３月,,320.74,,photos/3979_うるる/current/photo_03.jpg,False
3979,うるる,星 知也,current,2022年３月,,320.74,,photos/3979_うるる/current/photo_04.jpg,False
3979,うるる,星 知也,current,2022年３月,,320.74,,photos/3979_うるる/current/photo_05.jpg,False
3987,エコモット,"締役
入澤",current,2019年5月,,1770.0,,photos/3987_エコモット/current/photo_01.jpg,False
3987,エコモット,"締役
入澤",current,2019年5月,,1770.0,,photos/3987_エコモット/current/photo_02.jpg,False
3987,エコモット,"締役
入澤",current,2019年5月,,1770.0,,photos/3987_エコモット/current/photo_03.jpg,False
3987,エコモット,"締役
入澤",current,2019年5月,,1770.0,,photos/3987_エコモット/current/photo_04.jpg,False
3987,エコモット,"締役
入澤",current,2019年5月,,1770.0,,photos/3987_エコモット/current/photo_05.jpg,False
3992,ニーズウェル,,current,,,,,photos/3992_ニーズウェル/current/photo_01.jpg,False
3991,ウォンテッドリー,,current,2010年9月,,,,photos/3991_ウォンテッドリー/current/photo_01.jpg,False
3991,ウォンテッドリー,,current,2010年9月,,,,photos/3991_ウォンテッドリー/current/photo_02.jpg,False
3991,ウォンテッドリー,,current,2010年9月,,,,photos/3991_ウォンテッドリー/current/photo_03.jpg,False
3991,ウォンテッドリー,,current,2010年9月,,,,photos/3991_ウォンテッドリー/current/photo_04.jpg,False
3991,ウォンテッドリー,,current,2010年9月,,,,photos/3991_ウォンテッドリー/current/photo_05.jpg,False
3994,マネーフォワード,辻 庸介,current,2020年5月,,2455.0,,photos/3994_マネーフォワード/current/photo_01.jpg,False
3994,マネーフォワード,辻 庸介,current,2020年5月,,2455.0,,photos/3994_マネーフォワード/current/photo_02.jpg,False
3994,マネーフォワード,辻 庸介,current,2020年5月,,2455.0,,photos/3994_マネーフォワード/current/photo_03.jpg,False
3994,マネーフォワード,辻 庸介,current,2020年5月,,2455.0,,photos/3994_マネーフォワード/current/photo_04.jpg,False
3994,マネーフォワード,辻 庸介,current,2020年5月,,2455.0,,photos/3994_マネーフォワード/current/photo_05.jpg,False
3996,サインポスト,課題,current,,,,,photos/3996_サインポスト/current/photo_01.jpg,False
3998,すららネット,野川 孝彦,current,2002年5月,,,,photos/3998_すららネット/current/photo_01.jpg,False
3998,すららネット,野川 孝彦,current,2002年5月,,,,photos/3998_すららネット/current/photo_02.jpg,False
3998,すららネット,野川 孝彦,current,2002年5月,,,,photos/3998_すららネット/current/photo_03.jpg,False
3998,すららネット,野川 孝彦,current,2002年5月,,,,photos/3998_すららネット/current/photo_04.jpg,False
3998,すららネット,野川 孝彦,current,2002年5月,,,,photos/3998_すららネット/current/photo_05.jpg,False
4011,ヘッドウォータース,本部 本部長,current,2010年8月,,,,photos/4011_ヘッドウォータース/current/photo_01.jpg,False
4008,住友精化,織田 佳明,current,,,,,photos/4008_住友精化/current/photo_01.jpg,False
3993,PKSHA　Technology,水谷 健彦,current,,,,,photos/3993_PKSHA_Technology/current/photo_01.jpg,False
4015,ペイクラウドホールディングス,三浦 嚴嗣,current,,,,,photos/4015_ペイクラウドホールディングス/current/photo_01.jpg,False
4015,ペイクラウドホールディングス,三浦 嚴嗣,current,,,,,photos/4015_ペイクラウドホールディングス/current/photo_02.jpg,False
4015,ペイクラウドホールディングス,三浦 嚴嗣,current,,,,,photos/4015_ペイクラウドホールディングス/current/photo_03.jpg,False
4015,ペイクラウドホールディングス,三浦 嚴嗣,current,,,,,photos/4015_ペイクラウドホールディングス/current/photo_04.jpg,False
4015,ペイクラウドホールディングス,三浦 嚴嗣,current,,,,,photos/4015_ペイクラウドホールディングス/current/photo_05.jpg,False
4017,クリーマ,,current,,,,,photos/4017_クリーマ/current/photo_01.jpg,False
4017,クリーマ,,current,,,,,photos/4017_クリーマ/current/photo_02.jpg,False
4017,クリーマ,,current,,,,,photos/4017_クリーマ/current/photo_03.jpg,False
4021,日産化学,締役  八木,current,,,,,photos/4021_日産化学/current/photo_01.jpg,False
4016,MITホールディングス,,current,2025年11月,,1161.5,,photos/4016_MITホールディングス/current/photo_01.jpg,False
4016,MITホールディングス,,current,2025年11月,,1161.5,,photos/4016_MITホールディングス/current/photo_02.jpg,False
4016,MITホールディングス,,current,2025年11月,,1161.5,,photos/4016_MITホールディングス/current/photo_03.jpg,False
4023,クレハ,小林 豊,current,2025年5月,,2401.66,,photos/4023_クレハ/current/photo_01.jpg,False
4023,クレハ,小林 豊,current,2025年5月,,2401.66,,photos/4023_クレハ/current/photo_02.jpg,False
4012,アクシス,横田 佳和,current,,,,,photos/4012_アクシス/current/photo_01.jpg,False
4041,日本曹達,阿賀 英司,current,,,,,photos/4041_日本曹達/current/photo_01.jpg,False
4044,セントラル硝子,,current,,,,,photos/4044_セントラル硝子/current/photo_01.jpg,False
4044,セントラル硝子,,current,,,,,photos/4044_セントラル硝子/current/photo_02.jpg,False
4044,セントラル硝子,,current,,,,,photos/4044_セントラル硝子/current/photo_03.jpg,False
4042,東ソー,桒田　守,current,,,,,photos/4042_東ソー/current/photo_01.jpg,False
4042,東ソー,桒田　守,current,,,,,photos/4042_東ソー/current/photo_02.jpg,False
4042,東ソー,桒田　守,current,,,,,photos/4042_東ソー/current/photo_03.jpg,False
4042,東ソー,桒田　守,current,,,,,photos/4042_東ソー/current/photo_04.jpg,False
4042,東ソー,桒田　守,current,,,,,photos/4042_東ソー/current/photo_05.jpg,False
4042,東ソー,新　職,prev_1,2001年05月17日,,376.63,,,False
4042,東ソー,当社,prev_2,2001年05月17日,,376.63,,,False
4047,関東電化工業,谷川 淳一,current,,,,,photos/4047_関東電化工業/current/photo_01.jpg,False
4045,東亞合成,東亞合成,current,2025年１月,,1411.21,,photos/4045_東亞合成/current/photo_01.jpg,False
4051,GMOフィナンシャルゲート,杉山 憲太郎,current,2024年９月,,6634.83,,photos/4051_GMOフィナンシャルゲート/current/photo_01.jpg,False
4052,フィーチャ,,current,2021年1月,,1510.0,,photos/4052_フィーチャ/current/photo_01.jpg,False
4052,フィーチャ,,current,2021年1月,,1510.0,,photos/4052_フィーチャ/current/photo_02.jpg,False
4060,rakumo,清水 孝治,current,,,,,photos/4060_rakumo/current/photo_01.jpg,False
4061,デンカ,石田 郁雄,current,,,,,photos/4061_デンカ/current/photo_01.jpg,False
4063,信越化学工業,"職名
氏名",current,,,,,photos/4063_信越化学工業/current/photo_01.jpg,False
4071,プラスアルファ・コンサルティング,三室 克哉株,current,,,,,photos/4071_プラスアルファ・コンサルティング/current/photo_01.jpg,False
4068,ベイシス,吉村 公孝,current,2000年7月,,,,photos/4068_ベイシス/current/photo_01.jpg,False
4074,ラキール,久保 努,current,,,,,photos/4074_ラキール/current/photo_01.jpg,False
4076,シイエヌエス,基本的,current,2005年10月,,,,photos/4076_シイエヌエス/current/photo_01.jpg,False
4080,田中化学研究所,田中化学,current,,,,,photos/4080_田中化学研究所/current/photo_01.jpg,False
4080,田中化学研究所,田中化学,current,,,,,photos/4080_田中化学研究所/current/photo_02.jpg,False
4091,日本酸素ホールディングス,濱田　敏彦,current,2002年7月,,301.17,,photos/4091_日本酸素ホールディングス/current/photo_01.jpg,False
4098,チタン工業,工業株,current,,,,,photos/4098_チタン工業/current/photo_01.jpg,False
4098,チタン工業,工業株,current,,,,,photos/4098_チタン工業/current/photo_02.jpg,False
4098,チタン工業,工業株,current,,,,,photos/4098_チタン工業/current/photo_03.jpg,False
4098,チタン工業,工業株,current,,,,,photos/4098_チタン工業/current/photo_04.jpg,False
4098,チタン工業,工業株,current,,,,,photos/4098_チタン工業/current/photo_05.jpg,False
4100,戸田工業,微粒子,current,,,,,photos/4100_戸田工業/current/photo_01.jpg,False
4109,ステラ　ケミファ,"方
法令遵",current,2025年11月,,4170.0,,photos/4109_ステラ_ケミファ/current/photo_01.jpg,False
4114,日本触媒,野田　和宏,current,,,,,photos/4114_日本触媒/current/photo_01.jpg,False
4125,三和油化工業,,current,2000年2月,,,,photos/4125_三和油化工業/current/photo_01.jpg,False
4125,三和油化工業,,current,2000年2月,,,,photos/4125_三和油化工業/current/photo_02.jpg,False
4125,三和油化工業,,current,2000年2月,,,,photos/4125_三和油化工業/current/photo_03.jpg,False
4125,三和油化工業,,current,2000年2月,,,,photos/4125_三和油化工業/current/photo_04.jpg,False
4125,三和油化工業,,current,2000年2月,,,,photos/4125_三和油化工業/current/photo_05.jpg,False
4151,協和キリン,宮本　昌志,current,,,,,photos/4151_協和キリン/current/photo_01.jpg,False
4165,プレイド,,current,,,,,photos/4165_プレイド/current/photo_01.jpg,False
4169,ENECHANGE,日本語,current,2015年4月,,,,photos/4169_ENECHANGE/current/photo_01.jpg,False
4176,ココナラ,鈴木 歩,current,2016年5月,,,,photos/4176_ココナラ/current/photo_01.jpg,False
4176,ココナラ,鈴木 歩,current,2016年5月,,,,photos/4176_ココナラ/current/photo_02.jpg,False
4176,ココナラ,鈴木 歩,current,2016年5月,,,,photos/4176_ココナラ/current/photo_03.jpg,False
4176,ココナラ,鈴木 歩,current,2016年5月,,,,photos/4176_ココナラ/current/photo_04.jpg,False
4176,ココナラ,鈴木 歩,current,2016年5月,,,,photos/4176_ココナラ/current/photo_05.jpg,False
4177,i-plug,"由来

人",current,2012年4月,,,,photos/4177_i-plug/current/photo_01.jpg,False
4177,i-plug,"由来

人",current,2012年4月,,,,photos/4177_i-plug/current/photo_02.jpg,False
4175,coly,中島 杏奈,current,2014年2月,,,,photos/4175_coly/current/photo_01.jpg,False
4182,三菱瓦斯化学,社会,current,,,,,photos/4182_三菱瓦斯化学/current/photo_01.jpg,False
4180,Appier　Group,締役 監査等,current,,,,,photos/4180_Appier_Group/current/photo_01.jpg,False
4180,Appier　Group,締役 監査等,current,,,,,photos/4180_Appier_Group/current/photo_02.jpg,False
4180,Appier　Group,締役 監査等,current,,,,,photos/4180_Appier_Group/current/photo_03.jpg,False
4180,Appier　Group,締役 監査等,current,,,,,photos/4180_Appier_Group/current/photo_04.jpg,False
4180,Appier　Group,締役 監査等,current,,,,,photos/4180_Appier_Group/current/photo_05.jpg,False
4183,三井化学,,current,,,,,photos/4183_三井化学/current/photo_01.jpg,False
4187,大阪有機化学工業,社名,current,2024年11月,,2889.97,,photos/4187_大阪有機化学工業/current/photo_01.jpg,False
4187,大阪有機化学工業,社名,current,2024年11月,,2889.97,,photos/4187_大阪有機化学工業/current/photo_02.jpg,False
4187,大阪有機化学工業,社名,current,2024年11月,,2889.97,,photos/4187_大阪有機化学工業/current/photo_03.jpg,False
4192,スパイダープラス,新聞 電子版,current,2021年3月,,1722.0,,photos/4192_スパイダープラス/current/photo_01.jpg,False
4192,スパイダープラス,新聞 電子版,current,2021年3月,,1722.0,,photos/4192_スパイダープラス/current/photo_02.jpg,False
4192,スパイダープラス,新聞 電子版,current,2021年3月,,1722.0,,photos/4192_スパイダープラス/current/photo_03.jpg,False
4192,スパイダープラス,新聞 電子版,current,2021年3月,,1722.0,,photos/4192_スパイダープラス/current/photo_04.jpg,False
4192,スパイダープラス,新聞 電子版,current,2021年3月,,1722.0,,photos/4192_スパイダープラス/current/photo_05.jpg,False
4193,ファブリカホールディングス,谷口 政人,current,,,,,photos/4193_ファブリカホールディングス/current/photo_01.jpg,False
4194,ビジョナル,南 壮一郎,current,2020年2月,,,,photos/4194_ビジョナル/current/photo_01.jpg,False
4194,ビジョナル,南 壮一郎,current,2020年2月,,,,photos/4194_ビジョナル/current/photo_02.jpg,False
4194,ビジョナル,南 壮一郎,current,2020年2月,,,,photos/4194_ビジョナル/current/photo_03.jpg,False
4194,ビジョナル,南 壮一郎,current,2020年2月,,,,photos/4194_ビジョナル/current/photo_04.jpg,False
4194,ビジョナル,南 壮一郎,current,2020年2月,,,,photos/4194_ビジョナル/current/photo_05.jpg,False
4198,テンダ,議長 薗部晃,current,,,,,photos/4198_テンダ/current/photo_01.jpg,False
4202,ダイセル,"会長
小河",current,2002年4月,,237.57,,photos/4202_ダイセル/current/photo_01.jpg,False
4199,ワンダープラネット,常川 友樹,current,,,,,photos/4199_ワンダープラネット/current/photo_01.jpg,False
4199,ワンダープラネット,常川 友樹,current,,,,,photos/4199_ワンダープラネット/current/photo_02.jpg,False
4199,ワンダープラネット,常川 友樹,current,,,,,photos/4199_ワンダープラネット/current/photo_03.jpg,False
4203,住友ベークライト,藤原 一彦,current,,,,,photos/4203_住友ベークライト/current/photo_01.jpg,False
4204,積水化学工業,加藤　敬太,current,,,,,photos/4204_積水化学工業/current/photo_01.jpg,False
4205,日本ゼオン,豊嶋　哲也,current,,,,,photos/4205_日本ゼオン/current/photo_01.jpg,False
4212,積水樹脂,馬場　浩志,current,,,,,photos/4212_積水樹脂/current/photo_01.jpg,False
4212,積水樹脂,馬場　浩志,current,,,,,photos/4212_積水樹脂/current/photo_02.jpg,False
4212,積水樹脂,馬場　浩志,current,,,,,photos/4212_積水樹脂/current/photo_03.jpg,False
4212,積水樹脂,馬場　浩志,current,,,,,photos/4212_積水樹脂/current/photo_04.jpg,False
4212,積水樹脂,馬場　浩志,current,,,,,photos/4212_積水樹脂/current/photo_05.jpg,False
4208,UBE,西田 祐樹,current,,,,,photos/4208_UBE/current/photo_01.jpg,False
4189,KHネオケム,,current,,,,,photos/4189_KHネオケム/current/photo_01.jpg,False
4216,旭有機材,中野 賀津也,current,,,,,photos/4216_旭有機材/current/photo_01.jpg,False
4216,旭有機材,中野 賀津也,current,,,,,photos/4216_旭有機材/current/photo_02.jpg,False
4216,旭有機材,中野 賀津也,current,,,,,photos/4216_旭有機材/current/photo_03.jpg,False
4216,旭有機材,中野 賀津也,current,,,,,photos/4216_旭有機材/current/photo_04.jpg,False
4216,旭有機材,中野 賀津也,current,,,,,photos/4216_旭有機材/current/photo_05.jpg,False
4220,リケンテクノス,常盤 和明,current,2025年4月,,1086.76,,photos/4220_リケンテクノス/current/photo_01.jpg,False
4186,東京応化工業,種市 順昭,current,,,,,photos/4186_東京応化工業/current/photo_01.jpg,False
4221,大倉工業,神田 進,current,2009年4月,,681.41,,photos/4221_大倉工業/current/photo_01.jpg,False
4228,積水化成品工業,"案内
企業理",current,2025年6月,,320.0,,photos/4228_積水化成品工業/current/photo_01.jpg,False
4228,積水化成品工業,"案内
企業理",current,2025年6月,,320.0,,photos/4228_積水化成品工業/current/photo_02.jpg,False
4228,積水化成品工業,"案内
企業理",current,2025年6月,,320.0,,photos/4228_積水化成品工業/current/photo_03.jpg,False
4222,児玉化学工業,挨拶,current,,,,,photos/4222_児玉化学工業/current/photo_01.jpg,False
4222,児玉化学工業,挨拶,current,,,,,photos/4222_児玉化学工業/current/photo_02.jpg,False
4231,タイガースポリマー,澤田  宏治,current,,,,,photos/4231_タイガースポリマー/current/photo_01.jpg,False
4235,ウルトラファブリックス・ホールディングス,吉村 昇,current,2025年3月,,823.05,,photos/4235_ウルトラファブリックス・ホールディングス/current/photo_01.jpg,False
4234,サンエー化研,"邁進
　当社",current,,,,,photos/4234_サンエー化研/current/photo_01.jpg,False
4234,サンエー化研,"邁進
　当社",current,,,,,photos/4234_サンエー化研/current/photo_02.jpg,False
4238,ミライアル,株主,current,,,,,photos/4238_ミライアル/current/photo_01.jpg,False
4242,タカギセイコー,高木 章裕,current,,,,,photos/4242_タカギセイコー/current/photo_01.jpg,False
4247,ポバール興業,松井 孝敏,current,,,,,photos/4247_ポバール興業/current/photo_01.jpg,False
4249,森六,引所 市場第,current,,,,,photos/4249_森六/current/photo_01.jpg,False
4246,ダイキョーニシカワ,川上 博之,current,2012年4月,,,,photos/4246_ダイキョーニシカワ/current/photo_01.jpg,False
4258,網屋,石田 晃太,current,,,,,photos/4258_網屋/current/photo_01.jpg,False
4245,ダイキアクシス,大亀裕貴,prev_1,2025年3月1日,2024年1月,648.83,706.07,,False
4262,ニフティライフスタイル,,current,,,,,photos/4262_ニフティライフスタイル/current/photo_01.jpg,False
4259,エクサウィザーズ,春田 真,current,,,,,photos/4259_エクサウィザーズ/current/photo_01.jpg,False
4272,日本化薬,川村　茂之,current,,,,,photos/4272_日本化薬/current/photo_01.jpg,False
4275,カーリット,電解化学,current,2024年10月,,1128.69,,photos/4275_カーリット/current/photo_01.jpg,False
4275,カーリット,電解化学,current,2024年10月,,1128.69,,photos/4275_カーリット/current/photo_02.jpg,False
4270,BeeX,広木 太,current,,,,,photos/4270_BeeX/current/photo_01.jpg,False
4293,セプテーニ・ホールディングス,神埜 雄一,current,2025年5月,,355.71,,photos/4293_セプテーニ・ホールディングス/current/photo_01.jpg,False
4293,セプテーニ・ホールディングス,神埜 雄一,current,2025年5月,,355.71,,photos/4293_セプテーニ・ホールディングス/current/photo_02.jpg,False
4293,セプテーニ・ホールディングス,神埜 雄一,current,2025年5月,,355.71,,photos/4293_セプテーニ・ホールディングス/current/photo_03.jpg,False
4290,プレステージ・インターナショナル,"月
株",current,2025年3月,,702.73,,photos/4290_プレステージ・インターナショナル/current/photo_01.jpg,False
4290,プレステージ・インターナショナル,"月
株",current,2025年3月,,702.73,,photos/4290_プレステージ・インターナショナル/current/photo_02.jpg,False
4284,ソルクシーズ,長尾　章取締,current,,,,,photos/4284_ソルクシーズ/current/photo_01.jpg,False
4284,ソルクシーズ,長尾　章取締,current,,,,,photos/4284_ソルクシーズ/current/photo_02.jpg,False
4284,ソルクシーズ,長尾　章取締,current,,,,,photos/4284_ソルクシーズ/current/photo_03.jpg,False
4284,ソルクシーズ,長尾　章取締,current,,,,,photos/4284_ソルクシーズ/current/photo_04.jpg,False
4284,ソルクシーズ,長尾　章取締,current,,,,,photos/4284_ソルクシーズ/current/photo_05.jpg,False
4301,アミューズ,,current,2008年6月,,583.37,,photos/4301_アミューズ/current/photo_01.jpg,False
4316,ビーマップ,月期　第,current,2026年3月,,,,photos/4316_ビーマップ/current/photo_01.jpg,False
4316,ビーマップ,月期　第,current,2026年3月,,,,photos/4316_ビーマップ/current/photo_02.jpg,False
4316,ビーマップ,月期　第,current,2026年3月,,,,photos/4316_ビーマップ/current/photo_03.jpg,False
4316,ビーマップ,月期　第,current,2026年3月,,,,photos/4316_ビーマップ/current/photo_04.jpg,False
4308,Jストリーム,石松 俊雄,current,2000年7月,,,,photos/4308_Jストリーム/current/photo_01.jpg,False
4310,ドリームインキュベータ,三宅 孝之,current,,,,,photos/4310_ドリームインキュベータ/current/photo_01.jpg,False
4318,クイック,会長 兼,current,2003年6月,,12.04,,photos/4318_クイック/current/photo_01.jpg,False
4331,テイクアンドギヴ・ニーズ,岩瀬 賢治昨,current,,,,,photos/4331_テイクアンドギヴ・ニーズ/current/photo_01.jpg,False
4333,東邦システムサイエンス,客様,current,,,,,photos/4333_東邦システムサイエンス/current/photo_01.jpg,False
4334,ユークス,感動,current,,,,,photos/4334_ユークス/current/photo_01.jpg,False
4345,シーティーエス,,current,2001年06月,,,,photos/4345_シーティーエス/current/photo_01.jpg,False
4347,ブロードメディア,橋本 太郎,current,,,,,photos/4347_ブロードメディア/current/photo_01.jpg,False
4350,メディカルシステムネットワーク,田尻　稲雄,current,2000年4月,,,,photos/4350_メディカルシステムネットワーク/current/photo_01.jpg,False
4341,西菱電機,西井　希伊,current,,,,,photos/4341_西菱電機/current/photo_01.jpg,False
4356,応用技術,株主,current,2025年12月,,1757.23,,photos/4356_応用技術/current/photo_01.jpg,False
4323,日本システム技術,,current,2025年6月,,1818.69,,photos/4323_日本システム技術/current/photo_01.jpg,False
4323,日本システム技術,,current,2025年6月,,1818.69,,photos/4323_日本システム技術/current/photo_02.jpg,False
4362,日本精化,,current,,,,,photos/4362_日本精化/current/photo_01.jpg,False
4361,川口化学工業,"挨拶
当社",current,,,,,photos/4361_川口化学工業/current/photo_01.jpg,False
4371,コアコンセプト・テクノロジー,"締役
社外取",current,,,,,photos/4371_コアコンセプト・テクノロジー/current/photo_01.jpg,False
4371,コアコンセプト・テクノロジー,"締役
社外取",current,,,,,photos/4371_コアコンセプト・テクノロジー/current/photo_02.jpg,False
4371,コアコンセプト・テクノロジー,"締役
社外取",current,,,,,photos/4371_コアコンセプト・テクノロジー/current/photo_03.jpg,False
4371,コアコンセプト・テクノロジー,"締役
社外取",current,,,,,photos/4371_コアコンセプト・テクノロジー/current/photo_04.jpg,False
4371,コアコンセプト・テクノロジー,"締役
社外取",current,,,,,photos/4371_コアコンセプト・テクノロジー/current/photo_05.jpg,False
4374,ROBOT　PAYMENT,清久 健也,current,2014年12月,,,,photos/4374_ROBOT_PAYMENT/current/photo_01.jpg,False
4374,ROBOT　PAYMENT,清久 健也,current,2014年12月,,,,photos/4374_ROBOT_PAYMENT/current/photo_02.jpg,False
4374,ROBOT　PAYMENT,清久 健也,current,2014年12月,,,,photos/4374_ROBOT_PAYMENT/current/photo_03.jpg,False
4374,ROBOT　PAYMENT,清久 健也,current,2014年12月,,,,photos/4374_ROBOT_PAYMENT/current/photo_04.jpg,False
4374,ROBOT　PAYMENT,清久 健也,current,2014年12月,,,,photos/4374_ROBOT_PAYMENT/current/photo_05.jpg,False
4373,シンプレクス・ホールディングス,金子 英樹,current,2021年４月,,,,photos/4373_シンプレクス・ホールディングス/current/photo_01.jpg,False
4373,シンプレクス・ホールディングス,金子 英樹,current,2021年４月,,,,photos/4373_シンプレクス・ホールディングス/current/photo_02.jpg,False
4367,広栄化学,月 佐,current,2025年4月,,2432.37,,photos/4367_広栄化学/current/photo_01.jpg,False
4375,セーフィー,渡島 隆平,current,,,,,photos/4375_セーフィー/current/photo_01.jpg,False
4375,セーフィー,渡島 隆平,current,,,,,photos/4375_セーフィー/current/photo_02.jpg,False
4377,ワンキャリア,"月
株",current,2021年10月,,820.16,,photos/4377_ワンキャリア/current/photo_01.jpg,False
4382,HEROZ,韓国,current,2025年12月,,880.0,,photos/4382_HEROZ/current/photo_01.jpg,False
4382,HEROZ,韓国,current,2025年12月,,880.0,,photos/4382_HEROZ/current/photo_02.jpg,False
4384,ラクスル,永見 世央,current,2014年4月,,,,photos/4384_ラクスル/current/photo_01.jpg,False
4386,SIGグループ,,current,,,,,photos/4386_SIGグループ/current/photo_01.jpg,False
4386,SIGグループ,,current,,,,,photos/4386_SIGグループ/current/photo_02.jpg,False
4378,CINC,石松 友典,current,2014年4月,,,,photos/4378_CINC/current/photo_01.jpg,False
4391,ロジザード,金澤 茂則,current,2001年7月,,,,photos/4391_ロジザード/current/photo_01.jpg,False
4397,チームスピリット,道下 和良,current,2013年8月,,,,photos/4397_チームスピリット/current/photo_01.jpg,False
4397,チームスピリット,道下 和良,current,2013年8月,,,,photos/4397_チームスピリット/current/photo_02.jpg,False
4397,チームスピリット,道下 和良,current,2013年8月,,,,photos/4397_チームスピリット/current/photo_03.jpg,False
4404,ミヨシ油脂,油脂株,current,,,,,photos/4404_ミヨシ油脂/current/photo_01.jpg,False
4404,ミヨシ油脂,油脂株,current,,,,,photos/4404_ミヨシ油脂/current/photo_02.jpg,False
4404,ミヨシ油脂,油脂株,current,,,,,photos/4404_ミヨシ油脂/current/photo_03.jpg,False
4409,東邦化学工業,,current,,,,,photos/4409_東邦化学工業/current/photo_01.jpg,False
4414,フレクト,黒川 幸治,current,,,,,photos/4414_フレクト/current/photo_01.jpg,False
4414,フレクト,黒川 幸治,current,,,,,photos/4414_フレクト/current/photo_02.jpg,False
4414,フレクト,黒川 幸治,current,,,,,photos/4414_フレクト/current/photo_03.jpg,False
4414,フレクト,黒川 幸治,current,,,,,photos/4414_フレクト/current/photo_04.jpg,False
4414,フレクト,黒川 幸治,current,,,,,photos/4414_フレクト/current/photo_05.jpg,False
4417,グローバルセキュリティエキスパート,,current,,,,,photos/4417_グローバルセキュリティエキスパート/current/photo_01.jpg,False
4430,東海ソフト,尾上　雅憲,current,,,,,photos/4430_東海ソフト/current/photo_01.jpg,False
4431,スマレジ,締役 髙間舘,current,2021年1月,,2622.59,,photos/4431_スマレジ/current/photo_01.jpg,False
4434,サーバーワークス,大石 良,current,,,,,photos/4434_サーバーワークス/current/photo_01.jpg,False
4438,Welby,,current,2021年3月,,1168.0,,photos/4438_Welby/current/photo_01.jpg,False
4438,Welby,,current,2021年3月,,1168.0,,photos/4438_Welby/current/photo_02.jpg,False
4439,東名,"会長
山本",current,2005年4月,,,,photos/4439_東名/current/photo_01.jpg,False
4442,バルテス・ホールディングス,,current,2004年4月,,,,photos/4442_バルテス・ホールディングス/current/photo_01.jpg,False
4440,ヴィッツ,組込,current,2019年4月,,2896.96,,photos/4440_ヴィッツ/current/photo_01.jpg,False
4440,ヴィッツ,組込,current,2019年4月,,2896.96,,photos/4440_ヴィッツ/current/photo_02.jpg,False
4447,ピー・ビーシステムズ,冨田 和久,current,,,,,photos/4447_ピー・ビーシステムズ/current/photo_01.jpg,False
4428,シノプス,,current,,,,,photos/4428_シノプス/current/photo_01.jpg,False
4462,石原ケミカル,藤本 昭彦,current,,,,,photos/4462_石原ケミカル/current/photo_01.jpg,False
4463,日華化学,江守 康昌,current,,,,,photos/4463_日華化学/current/photo_01.jpg,False
4444,インフォネット,,current,,,,,photos/4444_インフォネット/current/photo_01.jpg,False
4444,インフォネット,当社　代表取,prev_1,2025年7月22日,2002年10月,1038.0,,,False
4444,インフォネット,古宿 智,prev_2,2025年6月27日,2025年6月27日,1019.0,1019.0,,False
4444,インフォネット,日下部拓也,prev_3,2006年5月,2012年5月,,,,False
4461,第一工業製薬,,current,2020年4月,,2819.31,,photos/4461_第一工業製薬/current/photo_01.jpg,False
4461,第一工業製薬,,current,2020年4月,,2819.31,,photos/4461_第一工業製薬/current/photo_02.jpg,False
4461,第一工業製薬,,current,2020年4月,,2819.31,,photos/4461_第一工業製薬/current/photo_03.jpg,False
4465,ニイタカ,社会,current,,,,,photos/4465_ニイタカ/current/photo_01.jpg,False
4479,マクアケ,中山 亮太郎,current,2025年９月,,1180.0,,photos/4479_マクアケ/current/photo_01.jpg,False
4482,ウィルズ,杉本 光生,current,2004年10月,,,,photos/4482_ウィルズ/current/photo_01.jpg,False
4483,JMDC,"口亮

企業情",current,2002年1月,,,,photos/4483_JMDC/current/photo_01.jpg,False
4483,JMDC,"口亮

企業情",current,2002年1月,,,,photos/4483_JMDC/current/photo_02.jpg,False
4484,ランサーズ,秋好 陽介,current,2008年4月,,,,photos/4484_ランサーズ/current/photo_01.jpg,False
4481,ベース,,current,,,,,photos/4481_ベース/current/photo_01.jpg,False
4492,ゼネテック,上野 憲二,current,2020年3月,,240.88,,photos/4492_ゼネテック/current/photo_01.jpg,False
4493,サイバーセキュリティクラウド,小池 敏弘,current,,,,,photos/4493_サイバーセキュリティクラウド/current/photo_01.jpg,False
4498,サイバートラスト,北村 裕司,current,,,,,photos/4498_サイバートラスト/current/photo_01.jpg,False
4506,住友ファーマ,日頃,current,2025年5月,,693.0,,photos/4506_住友ファーマ/current/photo_01.jpg,False
4506,住友ファーマ,日頃,current,2025年5月,,693.0,,photos/4506_住友ファーマ/current/photo_02.jpg,False
4516,日本新薬,中井　亨,current,,,,,photos/4516_日本新薬/current/photo_01.jpg,False
4512,わかもと製薬,十嵐　新,current,,,,,photos/4512_わかもと製薬/current/photo_01.jpg,False
4524,森下仁丹,"器等
仁丹",current,,,,,photos/4524_森下仁丹/current/photo_01.jpg,False
4524,森下仁丹,"器等
仁丹",current,,,,,photos/4524_森下仁丹/current/photo_02.jpg,False
4524,森下仁丹,"器等
仁丹",current,,,,,photos/4524_森下仁丹/current/photo_03.jpg,False
4526,理研ビタミン,"会長
山木",current,2003年4月,,388.24,,photos/4526_理研ビタミン/current/photo_01.jpg,False
4527,ロート製薬,山田 邦雄,current,2009年6月,,402.32,,photos/4527_ロート製薬/current/photo_01.jpg,False
4534,持田製薬,持田 直幸,current,,,,,photos/4534_持田製薬/current/photo_01.jpg,False
4543,テルモ,変更,current,2026年02月,,2170.0,,photos/4543_テルモ/current/photo_01.jpg,False
4543,テルモ,変更,current,2026年02月,,2170.0,,photos/4543_テルモ/current/photo_02.jpg,False
4543,テルモ,変更,current,2026年02月,,2170.0,,photos/4543_テルモ/current/photo_03.jpg,False
4543,テルモ,変更,current,2026年02月,,2170.0,,photos/4543_テルモ/current/photo_04.jpg,False
4543,テルモ,変更,current,2026年02月,,2170.0,,photos/4543_テルモ/current/photo_05.jpg,False
4544,H.U.グループホールディングス,竹内 成和,current,2000年02月,,,,photos/4544_H_U_グループホールディングス/current/photo_01.jpg,False
4547,キッセイ薬品工業,直轄,current,,,,,photos/4547_キッセイ薬品工業/current/photo_01.jpg,False
4540,ツムラ,加藤 照和,current,2025年9月,,3572.16,,photos/4540_ツムラ/current/photo_01.jpg,False
4549,栄研化学,質問,current,,,,,photos/4549_栄研化学/current/photo_01.jpg,False
4549,栄研化学,質問,current,,,,,photos/4549_栄研化学/current/photo_02.jpg,False
4549,栄研化学,質問,current,,,,,photos/4549_栄研化学/current/photo_03.jpg,False
4549,栄研化学,質問,current,,,,,photos/4549_栄研化学/current/photo_04.jpg,False
4549,栄研化学,質問,current,,,,,photos/4549_栄研化学/current/photo_05.jpg,False
4554,富士製薬工業,岩井　孝之,current,2003年2月,,,,photos/4554_富士製薬工業/current/photo_01.jpg,False
4553,東和薬品,吉田 逸郎,current,,,,,photos/4553_東和薬品/current/photo_01.jpg,False
4553,東和薬品,吉田 逸郎,current,,,,,photos/4553_東和薬品/current/photo_02.jpg,False
4553,東和薬品,吉田 逸郎,current,,,,,photos/4553_東和薬品/current/photo_03.jpg,False
4553,東和薬品,吉田 逸郎,current,,,,,photos/4553_東和薬品/current/photo_04.jpg,False
4556,カイノス,,current,,,,,photos/4556_カイノス/current/photo_01.jpg,False
4558,中京医薬品,可能性,current,,,,,photos/4558_中京医薬品/current/photo_01.jpg,False
4563,アンジェス,革新的,current,,,,,photos/4563_アンジェス/current/photo_01.jpg,False
4569,杏林製薬,荻原 豊,current,2023年4月,,1552.54,,photos/4569_杏林製薬/current/photo_01.jpg,False
4570,免疫生物研究所,,current,,,,,photos/4570_免疫生物研究所/current/photo_01.jpg,False
4570,免疫生物研究所,,current,,,,,photos/4570_免疫生物研究所/current/photo_02.jpg,False
4574,大幸薬品,柴田 仁,current,2009年3月,,236.13,,photos/4574_大幸薬品/current/photo_01.jpg,False
4575,キャンバス,河邊 拓己内,current,,,,,photos/4575_キャンバス/current/photo_01.jpg,False
4576,デ・ウエスタン・セラピテクス研究所,株主,current,,,,,photos/4576_デ・ウエスタン・セラピテクス研究所/current/photo_01.jpg,False
4576,デ・ウエスタン・セラピテクス研究所,株主,current,,,,,photos/4576_デ・ウエスタン・セラピテクス研究所/current/photo_02.jpg,False
4577,ダイト,津賀 保信,current,2025年6月,,1019.05,,photos/4577_ダイト/current/photo_01.jpg,False
4578,大塚ホールディングス,,current,,,,,photos/4578_大塚ホールディングス/current/photo_01.jpg,False
4588,オンコリスバイオファーマ,立脚,current,2013年12月,,3500.0,,photos/4588_オンコリスバイオファーマ/current/photo_01.jpg,False
4597,ソレイジア・ファーマ,,current,2022年10月,,57.0,,photos/4597_ソレイジア・ファーマ/current/photo_01.jpg,False
4583,カイオム・バイオサイエンス,小池 正道博,current,,,,,photos/4583_カイオム・バイオサイエンス/current/photo_01.jpg,False
4599,ステムリム,岡島 正恒,current,2019年3月,,,,photos/4599_ステムリム/current/photo_01.jpg,False
4613,関西ペイント,,current,2020年4月,,1831.22,,photos/4613_関西ペイント/current/photo_01.jpg,False
4616,川上塗料,"挨拶
当連",current,2025年11月,,2083.25,,photos/4616_川上塗料/current/photo_01.jpg,False
4615,神東塗料,小坂 伊知郎,current,2022年4月,,157.55,,photos/4615_神東塗料/current/photo_01.jpg,False
4593,ヘリオス,再生医療,current,,,,,photos/4593_ヘリオス/current/photo_01.jpg,False
4617,中国塗料,伊達 健士,current,,,,,photos/4617_中国塗料/current/photo_01.jpg,False
4620,藤倉化成,栗原 進,current,,,,,photos/4620_藤倉化成/current/photo_01.jpg,False
4612,日本ペイントホールディングス,若月 雄一郎,current,,,,,photos/4612_日本ペイントホールディングス/current/photo_01.jpg,False
4624,イサム塗料,北村 倍章,current,,,,,photos/4624_イサム塗料/current/photo_01.jpg,False
4627,ナトコ,融合,current,,,,,photos/4627_ナトコ/current/photo_01.jpg,False
4619,日本特殊塗料,食品 味噌,current,2025年12月,,2151.0,,photos/4619_日本特殊塗料/current/photo_01.jpg,False
4629,大伸化学,堀越　進,current,,,,,photos/4629_大伸化学/current/photo_01.jpg,False
4634,artience,持続的成,current,2027/20,,,,photos/4634_artience/current/photo_01.jpg,False
4634,artience,持続的成,current,2027/20,,,,photos/4634_artience/current/photo_02.jpg,False
4628,エスケー化研,理　念,current,平成3年4月,,,,photos/4628_エスケー化研/current/photo_01.jpg,False
4650,SDエンターテイメント,"告書

株主",current,2025年3月,,302.0,,photos/4650_SDエンターテイメント/current/photo_01.jpg,False
4651,サニックスホールディングス,当社創業,current,2025年4月,,250.0,,photos/4651_サニックスホールディングス/current/photo_01.jpg,False
4651,サニックスホールディングス,当社創業,current,2025年4月,,250.0,,photos/4651_サニックスホールディングス/current/photo_02.jpg,False
4658,日本空調サービス,半期 決算補,current,2026年2月,,1452.0,,photos/4658_日本空調サービス/current/photo_01.jpg,False
4665,ダスキン,当社,current,2025年4月,,3616.05,,photos/4665_ダスキン/current/photo_01.jpg,False
4664,アール・エス・シー,金井 宏夫,current,,,,,photos/4664_アール・エス・シー/current/photo_01.jpg,False
4662,フォーカスシステムズ,森 啓一,current,2002年4月,,439.02,,photos/4662_フォーカスシステムズ/current/photo_01.jpg,False
4662,フォーカスシステムズ,森 啓一,current,2002年4月,,439.02,,photos/4662_フォーカスシステムズ/current/photo_02.jpg,False
4662,フォーカスシステムズ,森 啓一,current,2002年4月,,439.02,,photos/4662_フォーカスシステムズ/current/photo_03.jpg,False
4680,ラウンドワン,杉野 公彦,current,2010年8月,,87.07,,photos/4680_ラウンドワン/current/photo_01.jpg,False
4674,クレスコ,根元 浩幸,prev_1,2022年04月01日,2022年04月01日,837.82,816.06,,False
4679,田谷,体制,current,,,,,photos/4679_田谷/current/photo_01.jpg,False
4679,田谷,体制,current,,,,,photos/4679_田谷/current/photo_02.jpg,False
4684,オービック,橘　昇一,current,,,,,photos/4684_オービック/current/photo_01.jpg,False
4684,オービック,橘　昇一,current,,,,,photos/4684_オービック/current/photo_02.jpg,False
4685,菱友システムズ,"体制
当社",current,,,,,photos/4685_菱友システムズ/current/photo_01.jpg,False
4681,リゾートトラスト,伏見 有貴,current,,,,,photos/4681_リゾートトラスト/current/photo_01.jpg,False
4681,リゾートトラスト,伏見 有貴,current,,,,,photos/4681_リゾートトラスト/current/photo_02.jpg,False
4690,日本パレットプール,浜島 和利,current,,,,,photos/4690_日本パレットプール/current/photo_01.jpg,False
4694,ビー・エム・エル,他 民間企,current,,,,,photos/4694_ビー・エム・エル/current/photo_01.jpg,False
4694,ビー・エム・エル,他 民間企,current,,,,,photos/4694_ビー・エム・エル/current/photo_02.jpg,False
4694,ビー・エム・エル,他 民間企,current,,,,,photos/4694_ビー・エム・エル/current/photo_03.jpg,False
4694,ビー・エム・エル,他 民間企,current,,,,,photos/4694_ビー・エム・エル/current/photo_04.jpg,False
4694,ビー・エム・エル,他 民間企,current,,,,,photos/4694_ビー・エム・エル/current/photo_05.jpg,False
4709,IDホールディングス,"査役
執行役",current,2025年10月,,2257.37,,photos/4709_IDホールディングス/current/photo_01.jpg,False
4709,IDホールディングス,"査役
執行役",current,2025年10月,,2257.37,,photos/4709_IDホールディングス/current/photo_02.jpg,False
4709,IDホールディングス,"査役
執行役",current,2025年10月,,2257.37,,photos/4709_IDホールディングス/current/photo_03.jpg,False
4709,IDホールディングス,"査役
執行役",current,2025年10月,,2257.37,,photos/4709_IDホールディングス/current/photo_04.jpg,False
4709,IDホールディングス,"査役
執行役",current,2025年10月,,2257.37,,photos/4709_IDホールディングス/current/photo_05.jpg,False
4718,早稲田アカデミー,"標準
拡大",current,,,,,photos/4718_早稲田アカデミー/current/photo_01.jpg,False
4718,早稲田アカデミー,"標準
拡大",current,,,,,photos/4718_早稲田アカデミー/current/photo_02.jpg,False
4718,早稲田アカデミー,"標準
拡大",current,,,,,photos/4718_早稲田アカデミー/current/photo_03.jpg,False
4718,早稲田アカデミー,"標準
拡大",current,,,,,photos/4718_早稲田アカデミー/current/photo_04.jpg,False
4718,早稲田アカデミー,"標準
拡大",current,,,,,photos/4718_早稲田アカデミー/current/photo_05.jpg,False
4725,CAC　Holdings,西森良太,prev_1,2026年1月,2025年7月,2006.74,1933.94,,False
4725,CAC　Holdings,西森,prev_2,2020年3月,2021年1月,983.05,1103.04,,False
4732,ユー・エス・エス,,current,2025年３月,,1347.2,,photos/4732_ユー・エス・エス/current/photo_01.jpg,False
4745,東京個別指導学院,松尾 茂樹,current,,,,,photos/4745_東京個別指導学院/current/photo_01.jpg,False
4746,東計電算,"短信
電子公",current,令和7年12月,,3972.99,,photos/4746_東計電算/current/photo_01.jpg,False
4750,ダイサン,藤田 武敏,current,2000年６月,,176.22,,photos/4750_ダイサン/current/photo_01.jpg,False
4719,アルファシステムズ,推進体制,current,,,,,photos/4719_アルファシステムズ/current/photo_01.jpg,False
4755,楽天グループ,木谷 浩史,current,,,,,photos/4755_楽天グループ/current/photo_01.jpg,True
4751,サイバーエージェント,会長 藤田晋,current,,,,,photos/4751_サイバーエージェント/current/photo_01.jpg,True
4751,サイバーエージェント,会長 藤田晋,current,,,,,photos/4751_サイバーエージェント/current/photo_02.jpg,True
4768,大塚商会,変更部分,prev_1,2026年3月27日,2026年3月27日,,,,False
4783,NCD,下條 治,current,2000年11月,,171.64,,photos/4783_NCD/current/photo_01.jpg,True
4767,テー・オー・ダブリュー,村津 憲,current,,,,,photos/4767_テー・オー・ダブリュー/current/photo_01.jpg,True
4767,テー・オー・ダブリュー,村津 憲,current,,,,,photos/4767_テー・オー・ダブリュー/current/photo_02.jpg,True
4809,パラカ,締役 執行役,current,,,,,photos/4809_パラカ/current/photo_01.jpg,True
4813,ACCESS,大石 清恭,current,,,,,photos/4813_ACCESS/current/photo_01.jpg,True
4813,ACCESS,大石 清恭,current,,,,,photos/4813_ACCESS/current/photo_02.jpg,True
4811,ドリーム・アーツ,"日
株",current,2026年1月,,1309.9,,photos/4811_ドリーム・アーツ/current/photo_01.jpg,True
4825,ウェザーニューズ,"任者
陸上気",current,,,,,photos/4825_ウェザーニューズ/current/photo_01.jpg,True
4847,インテリジェント　ウェイブ,川上 晃司,current,,,,,photos/4847_インテリジェント_ウェイブ/current/photo_01.jpg,True
4847,インテリジェント　ウェイブ,川上 晃司,current,,,,,photos/4847_インテリジェント_ウェイブ/current/photo_02.jpg,True
4840,トライアイズ,郷薫　新年,current,2025年12月,,486.0,,photos/4840_トライアイズ/current/photo_01.jpg,True
4880,セルソース,山川 雅之,current,2025年7月,,684.13,,photos/4880_セルソース/current/photo_01.jpg,True
4882,ペルセウスプロテオミクス,横川 拓哉,current,,,,,photos/4882_ペルセウスプロテオミクス/current/photo_01.jpg,True
4881,ファンペップ,三好 稔美,current,2002年12月,,,,photos/4881_ファンペップ/current/photo_01.jpg,True
4881,ファンペップ,三好 稔美,current,2002年12月,,,,photos/4881_ファンペップ/current/photo_02.jpg,True
4881,ファンペップ,三好 稔美,current,2002年12月,,,,photos/4881_ファンペップ/current/photo_03.jpg,True
4881,ファンペップ,三好 稔美,current,2002年12月,,,,photos/4881_ファンペップ/current/photo_04.jpg,True
4881,ファンペップ,三好 稔美,current,2002年12月,,,,photos/4881_ファンペップ/current/photo_05.jpg,True
4884,クリングルファーマ,安達　喜一,current,2002年9月,,,,photos/4884_クリングルファーマ/current/photo_01.jpg,True
4884,クリングルファーマ,安達　喜一,current,2002年9月,,,,photos/4884_クリングルファーマ/current/photo_02.jpg,True
4884,クリングルファーマ,安達　喜一,current,2002年9月,,,,photos/4884_クリングルファーマ/current/photo_03.jpg,True
4884,クリングルファーマ,安達　喜一,current,2002年9月,,,,photos/4884_クリングルファーマ/current/photo_04.jpg,True
4887,サワイグループホールディングス,,current,,,,,photos/4887_サワイグループホールディングス/current/photo_01.jpg,True
4886,あすか製薬ホールディングス,"会長
山口",current,2021年4月,,1347.57,,photos/4886_あすか製薬ホールディングス/current/photo_01.jpg,True
4889,レナサイエンス,伊藤　彰彦,current,,,,,photos/4889_レナサイエンス/current/photo_01.jpg,True
4896,ケイファーマ,福島　弘明,current,,,,,photos/4896_ケイファーマ/current/photo_01.jpg,True
4893,ノイルイミューン・バイオテック,玉田　耕治,current,,,,,photos/4893_ノイルイミューン・バイオテック/current/photo_01.jpg,True
4893,ノイルイミューン・バイオテック,録食 旅,prev_1,2026年4月,2026年4月,,,,False
4912,ライオン,"役兼 
竹森",current,,,,,photos/4912_ライオン/current/photo_01.jpg,True
4912,ライオン,"役兼 
竹森",current,,,,,photos/4912_ライオン/current/photo_02.jpg,True
4922,コーセー,小林一俊,current,,,,,photos/4922_コーセー/current/photo_01.jpg,True
4920,日本色材工業研究所,奥村 華代,current,,,,,photos/4920_日本色材工業研究所/current/photo_01.jpg,True
4951,エステー,当社,current,2024年4月,,1494.09,,photos/4951_エステー/current/photo_01.jpg,True
4967,小林製薬,豊田　賀一,current,,,,,photos/4967_小林製薬/current/photo_01.jpg,True
4958,長谷川香料,谷川 研治,current,,,,,photos/4958_長谷川香料/current/photo_01.jpg,True
4970,東洋合成工業,,current,,,,,photos/4970_東洋合成工業/current/photo_01.jpg,True
4971,メック,"提供
環境",current,2025年1月,,3162.99,,photos/4971_メック/current/photo_01.jpg,True
4972,綜研化学,冨田 幸二,current,,,,,photos/4972_綜研化学/current/photo_01.jpg,True
4973,日本高純度化学,,current,2024年3月,,2532.97,,photos/4973_日本高純度化学/current/photo_01.jpg,True
4978,リプロセル,横山　周史,current,,,,,photos/4978_リプロセル/current/photo_01.jpg,True
4978,リプロセル,横山　周史,current,,,,,photos/4978_リプロセル/current/photo_02.jpg,True
4978,リプロセル,横山　周史,current,,,,,photos/4978_リプロセル/current/photo_03.jpg,True
4978,リプロセル,横山　周史,current,,,,,photos/4978_リプロセル/current/photo_04.jpg,True
4978,リプロセル,横山　周史,current,,,,,photos/4978_リプロセル/current/photo_05.jpg,True
